/*
 Navicat Premium Data Transfer

 Source Server         : localhost
 Source Server Type    : MySQL
 Source Server Version : 50640
 Source Host           : localhost
 Source Database       : yii_admin

 Target Server Type    : MySQL
 Target Server Version : 50640
 File Encoding         : utf-8

 Date: 03/18/2019 21:57:41 PM
*/

SET NAMES utf8;
SET FOREIGN_KEY_CHECKS = 0;

-- ----------------------------
--  Table structure for `approval_process`
-- ----------------------------
DROP TABLE IF EXISTS `approval_process`;
CREATE TABLE `approval_process` (
  `id` int(11) NOT NULL AUTO_INCREMENT,
  `type_id` int(11) DEFAULT NULL,
  `process_name` varchar(64) COLLATE utf8_unicode_ci NOT NULL,
  `process_desc` text COLLATE utf8_unicode_ci,
  `carbon_copy` text COLLATE utf8_unicode_ci,
  `creater` char(24) COLLATE utf8_unicode_ci DEFAULT NULL,
  `modifier` char(24) COLLATE utf8_unicode_ci DEFAULT NULL,
  `created` int(11) DEFAULT NULL,
  `modified` int(11) DEFAULT NULL,
  `isDel` tinyint(1) DEFAULT '0',
  PRIMARY KEY (`id`)
) ENGINE=InnoDB AUTO_INCREMENT=18 DEFAULT CHARSET=utf8 COLLATE=utf8_unicode_ci;

-- ----------------------------
--  Records of `approval_process`
-- ----------------------------
BEGIN;
INSERT INTO `approval_process` VALUES ('1', '1', '1', '1', '1', '1', '13189221217', '1', '1547778918', '1'), ('2', '2', '2', '2', '2', '2', '13189221217', '2', '1547778923', '1'), ('3', '1', '2', '111', null, null, '13189221217', null, '1547778934', '1'), ('4', '1', '2', '111', null, null, '13189221217', null, '1547778946', '1'), ('5', '1', '2', '111', null, null, null, null, null, '0'), ('6', '1', '2', '111', null, null, null, null, null, '0'), ('7', '1', '2', '111', null, null, null, null, null, '0'), ('8', '2', '111', '222', null, null, null, null, null, '0'), ('9', '2', '111', '222', null, null, null, null, null, '0'), ('10', '2', '111', '222', null, null, null, null, null, '0'), ('11', '2', '111', '222', null, null, null, null, null, '0'), ('12', '11', '他吞吞吐吐11', '22211', null, null, null, null, null, '0'), ('13', '1', '11', '222', null, null, null, null, null, '0'), ('14', '1', '11', '22', null, null, null, null, null, '0'), ('15', '12', '111', '1111', null, null, null, null, null, '0'), ('16', '10', '1111', '11111', null, '13189221217', '13189221217', '1547706508', '1547706508', '0'), ('17', '11', '11', '222', null, '13189221217', '13189221217', '1547711464', '1547711464', '1');
COMMIT;

-- ----------------------------
--  Table structure for `approval_process_level`
-- ----------------------------
DROP TABLE IF EXISTS `approval_process_level`;
CREATE TABLE `approval_process_level` (
  `id` int(11) NOT NULL AUTO_INCREMENT,
  `process_id` int(11) NOT NULL,
  `level_name` varchar(64) NOT NULL,
  `level` int(11) NOT NULL,
  `approve_person` text,
  `carbon_copy` text,
  PRIMARY KEY (`id`)
) ENGINE=InnoDB AUTO_INCREMENT=29 DEFAULT CHARSET=utf8;

-- ----------------------------
--  Records of `approval_process_level`
-- ----------------------------
BEGIN;
INSERT INTO `approval_process_level` VALUES ('3', '13', '第一级审批', '1', '2', '2'), ('15', '1', '第一级审批', '1', '1', '1'), ('27', '13', '111', '3', '1', '1'), ('28', '13', '222', '4', '1', '1');
COMMIT;

-- ----------------------------
--  Table structure for `approval_type`
-- ----------------------------
DROP TABLE IF EXISTS `approval_type`;
CREATE TABLE `approval_type` (
  `id` int(11) NOT NULL AUTO_INCREMENT,
  `type_name` varchar(64) COLLATE utf8_unicode_ci DEFAULT NULL,
  `creater` char(24) COLLATE utf8_unicode_ci DEFAULT NULL,
  `modifier` char(24) COLLATE utf8_unicode_ci DEFAULT NULL,
  `created` int(11) DEFAULT NULL,
  `modified` int(11) DEFAULT NULL,
  `isDel` tinyint(1) DEFAULT NULL,
  PRIMARY KEY (`id`)
) ENGINE=InnoDB AUTO_INCREMENT=13 DEFAULT CHARSET=utf8 COLLATE=utf8_unicode_ci;

-- ----------------------------
--  Records of `approval_type`
-- ----------------------------
BEGIN;
INSERT INTO `approval_type` VALUES ('1', '类型1', '1', '1', '1', '1', '0'), ('2', '类型2', null, null, null, null, '0'), ('3', '类型3', null, null, null, null, '0'), ('4', '类型4', null, null, null, null, '0'), ('5', '类型5', '13189221217', null, null, null, '0'), ('6', '类型6', '13189221217', '13189221217', '1547623832', '1547623832', '0'), ('7', '类型7', '13189221217', '13189221217', '1547633460', '1547633460', '0'), ('8', '类型8', '13189221217', '13189221217', '1547634419', '1547634419', '0'), ('9', '类型9', '13189221217', '13189221217', '1547634451', '1547634451', '0'), ('10', '类型10', '13189221217', '13189221217', '1547634496', '1547634496', '0'), ('11', '类型11', '13189221217', '13189221217', '1547634522', '1547634522', '0'), ('12', '类型12', '13189221217', '13189221217', '1547634544', '1547634544', '0');
COMMIT;

-- ----------------------------
--  Table structure for `auth_assignment`
-- ----------------------------
DROP TABLE IF EXISTS `auth_assignment`;
CREATE TABLE `auth_assignment` (
  `item_name` varchar(64) COLLATE utf8_unicode_ci NOT NULL,
  `user_id` varchar(64) COLLATE utf8_unicode_ci NOT NULL,
  `created_at` int(11) DEFAULT NULL,
  PRIMARY KEY (`item_name`,`user_id`),
  KEY `auth_assignment_user_id_idx` (`user_id`),
  CONSTRAINT `auth_assignment_ibfk_1` FOREIGN KEY (`item_name`) REFERENCES `auth_item` (`name`) ON DELETE CASCADE ON UPDATE CASCADE
) ENGINE=InnoDB DEFAULT CHARSET=utf8 COLLATE=utf8_unicode_ci;

-- ----------------------------
--  Records of `auth_assignment`
-- ----------------------------
BEGIN;
INSERT INTO `auth_assignment` VALUES ('站长', '1', '1545896526'), ('菜单管理员', '2', '1545901484');
COMMIT;

-- ----------------------------
--  Table structure for `auth_item`
-- ----------------------------
DROP TABLE IF EXISTS `auth_item`;
CREATE TABLE `auth_item` (
  `name` varchar(64) COLLATE utf8_unicode_ci NOT NULL,
  `type` smallint(6) NOT NULL,
  `description` text COLLATE utf8_unicode_ci,
  `rule_name` varchar(64) COLLATE utf8_unicode_ci DEFAULT NULL,
  `data` blob,
  `created_at` int(11) DEFAULT NULL,
  `updated_at` int(11) DEFAULT NULL,
  PRIMARY KEY (`name`),
  KEY `rule_name` (`rule_name`),
  KEY `idx-auth_item-type` (`type`),
  CONSTRAINT `auth_item_ibfk_1` FOREIGN KEY (`rule_name`) REFERENCES `auth_rule` (`name`) ON DELETE SET NULL ON UPDATE CASCADE
) ENGINE=InnoDB DEFAULT CHARSET=utf8 COLLATE=utf8_unicode_ci;

-- ----------------------------
--  Records of `auth_item`
-- ----------------------------
BEGIN;
INSERT INTO `auth_item` VALUES ('/admin/assignment/*', '2', null, null, null, '1545896086', '1545896086'), ('/admin/assignment/index', '2', null, null, null, '1545896782', '1545896782'), ('/admin/menu/*', '2', null, null, null, '1545896799', '1545896799'), ('/admin/menu/index', '2', null, null, null, '1545896803', '1545896803'), ('/admin/permission/*', '2', null, null, null, '1545896104', '1545896104'), ('/admin/permission/index', '2', null, null, null, '1545896812', '1545896812'), ('/admin/role/*', '2', null, null, null, '1545896108', '1545896108'), ('/admin/role/index', '2', null, null, null, '1545896828', '1545896828'), ('/admin/route/*', '2', null, null, null, '1545896110', '1545896110'), ('/admin/route/index', '2', null, null, null, '1545896825', '1545896825'), ('/admin/rule/*', '2', null, null, null, '1545904804', '1545904804'), ('/admin/rule/index', '2', null, null, null, '1545904710', '1545904710'), ('/ApiView/doc/dotest', '2', null, null, null, '1552529099', '1552529099'), ('/ApiView/doc/group', '2', null, null, null, '1552384012', '1552384012'), ('/ApiView/doc/index', '2', null, null, null, '1552442591', '1552442591'), ('/ApiView/doc/info', '2', null, null, null, '1552444481', '1552444481'), ('/ApiView/doc/test', '2', null, null, null, '1552442773', '1552442773'), ('/ApiView/index/index', '2', null, null, null, '1552379966', '1552379966'), ('/Excel/distinct/deleteTab', '2', null, null, null, '1552028422', '1552028422'), ('/Excel/distinct/export', '2', null, null, null, '1551924512', '1551924512'), ('/Excel/distinct/import', '2', null, null, null, '1551688051', '1551688051'), ('/Excel/distinct/index', '2', null, null, null, '1551337835', '1551337835'), ('/Excel/distinct/list', '2', null, null, null, '1551952764', '1551952764'), ('/Index/*', '2', null, null, null, '1545902587', '1545902587'), ('/Index/index/*', '2', null, null, null, '1545902585', '1545902585'), ('/Index/index/desktop', '2', null, null, null, '1545902582', '1545902582'), ('/Index/index/detail', '2', null, null, null, '1546930950', '1546930950'), ('/Price/earnest/index', '2', null, null, null, '1547781695', '1547781695'), ('/Price/earnest/list', '2', null, null, null, '1547798847', '1547798847'), ('/System/approval/add-type', '2', null, null, null, '1547621848', '1547621848'), ('/System/approval/create', '2', null, null, null, '1547452643', '1547452643'), ('/System/approval/delete', '2', null, null, null, '1547608543', '1547608543'), ('/System/approval/index', '2', null, null, null, '1547451550', '1547451550'), ('/System/approval/list', '2', null, null, null, '1547602085', '1547602085'), ('/System/approval/update', '2', null, null, null, '1547710058', '1547710058'), ('/System/tag/add', '2', null, null, null, '1547190483', '1547190483'), ('/System/tag/delete', '2', null, null, null, '1547286176', '1547286176'), ('/System/tag/edit', '2', null, null, null, '1547194779', '1547194779'), ('/System/tag/index', '2', null, null, null, '1547019212', '1547019212'), ('/System/tag/list', '2', null, null, null, '1547282255', '1547282255'), ('权限控制', '2', null, null, null, '1545896279', '1545904914'), ('站长', '1', null, null, null, '1545896344', '1552529150'), ('系统管理', '2', null, null, null, '1545902673', '1552529432'), ('菜单管理员', '1', null, null, null, '1545900833', '1545902819');
COMMIT;

-- ----------------------------
--  Table structure for `auth_item_child`
-- ----------------------------
DROP TABLE IF EXISTS `auth_item_child`;
CREATE TABLE `auth_item_child` (
  `parent` varchar(64) COLLATE utf8_unicode_ci NOT NULL,
  `child` varchar(64) COLLATE utf8_unicode_ci NOT NULL,
  PRIMARY KEY (`parent`,`child`),
  KEY `child` (`child`),
  CONSTRAINT `auth_item_child_ibfk_1` FOREIGN KEY (`parent`) REFERENCES `auth_item` (`name`) ON DELETE CASCADE ON UPDATE CASCADE,
  CONSTRAINT `auth_item_child_ibfk_2` FOREIGN KEY (`child`) REFERENCES `auth_item` (`name`) ON DELETE CASCADE ON UPDATE CASCADE
) ENGINE=InnoDB DEFAULT CHARSET=utf8 COLLATE=utf8_unicode_ci;

-- ----------------------------
--  Records of `auth_item_child`
-- ----------------------------
BEGIN;
INSERT INTO `auth_item_child` VALUES ('权限控制', '/admin/assignment/*'), ('权限控制', '/admin/menu/*'), ('菜单管理员', '/admin/menu/*'), ('权限控制', '/admin/permission/*'), ('权限控制', '/admin/role/*'), ('权限控制', '/admin/route/*'), ('权限控制', '/admin/rule/*'), ('站长', '/ApiView/doc/dotest'), ('系统管理', '/ApiView/doc/dotest'), ('系统管理', '/ApiView/doc/group'), ('系统管理', '/ApiView/doc/index'), ('系统管理', '/ApiView/doc/info'), ('系统管理', '/ApiView/doc/test'), ('站长', '/ApiView/index/index'), ('系统管理', '/ApiView/index/index'), ('系统管理', '/Excel/distinct/deleteTab'), ('系统管理', '/Excel/distinct/export'), ('系统管理', '/Excel/distinct/import'), ('系统管理', '/Excel/distinct/index'), ('系统管理', '/Excel/distinct/list'), ('系统管理', '/Index/*'), ('系统管理', '/Index/index/*'), ('系统管理', '/Index/index/desktop'), ('系统管理', '/Index/index/detail'), ('站长', '/Price/earnest/index'), ('系统管理', '/Price/earnest/index'), ('系统管理', '/Price/earnest/list'), ('系统管理', '/System/approval/add-type'), ('系统管理', '/System/approval/create'), ('系统管理', '/System/approval/delete'), ('系统管理', '/System/approval/index'), ('系统管理', '/System/approval/list'), ('系统管理', '/System/approval/update'), ('系统管理', '/System/tag/add'), ('系统管理', '/System/tag/delete'), ('系统管理', '/System/tag/edit'), ('系统管理', '/System/tag/index'), ('系统管理', '/System/tag/list'), ('站长', '权限控制'), ('站长', '系统管理');
COMMIT;

-- ----------------------------
--  Table structure for `auth_rule`
-- ----------------------------
DROP TABLE IF EXISTS `auth_rule`;
CREATE TABLE `auth_rule` (
  `name` varchar(64) COLLATE utf8_unicode_ci NOT NULL,
  `data` blob,
  `created_at` int(11) DEFAULT NULL,
  `updated_at` int(11) DEFAULT NULL,
  PRIMARY KEY (`name`)
) ENGINE=InnoDB DEFAULT CHARSET=utf8 COLLATE=utf8_unicode_ci;

-- ----------------------------
--  Table structure for `earnest_price`
-- ----------------------------
DROP TABLE IF EXISTS `earnest_price`;
CREATE TABLE `earnest_price` (
  `id` int(11) NOT NULL AUTO_INCREMENT,
  `name` varchar(30) COLLATE utf8_unicode_ci DEFAULT NULL,
  `cateId` int(6) DEFAULT NULL,
  `earnest` decimal(10,2) DEFAULT NULL,
  `unit` varchar(20) COLLATE utf8_unicode_ci DEFAULT NULL,
  `isDel` tinyint(1) DEFAULT NULL,
  `creater` varchar(24) COLLATE utf8_unicode_ci DEFAULT NULL,
  `created` int(11) DEFAULT NULL,
  `modifier` varchar(24) COLLATE utf8_unicode_ci DEFAULT NULL,
  `modified` int(24) DEFAULT NULL,
  `version` int(11) DEFAULT NULL,
  PRIMARY KEY (`id`)
) ENGINE=InnoDB AUTO_INCREMENT=2 DEFAULT CHARSET=utf8 COLLATE=utf8_unicode_ci;

-- ----------------------------
--  Records of `earnest_price`
-- ----------------------------
BEGIN;
INSERT INTO `earnest_price` VALUES ('1', '1', '1', null, null, null, null, null, null, null, null);
COMMIT;

-- ----------------------------
--  Table structure for `excel`
-- ----------------------------
DROP TABLE IF EXISTS `excel`;
CREATE TABLE `excel` (
  `id` int(10) NOT NULL AUTO_INCREMENT,
  `number` int(10) DEFAULT NULL,
  `title` varchar(20) DEFAULT NULL,
  `age` int(10) DEFAULT NULL,
  `importTime` int(11) DEFAULT NULL,
  PRIMARY KEY (`id`)
) ENGINE=InnoDB AUTO_INCREMENT=2290 DEFAULT CHARSET=utf8;

-- ----------------------------
--  Records of `excel`
-- ----------------------------
BEGIN;
INSERT INTO `excel` VALUES ('1381', '33', '张柏芝', '1111', '1551860511'), ('1382', '34', '张柏芝', '1111', '1551860511'), ('1383', '35', '张柏芝', '1111', '1551860511'), ('1384', '36', '张柏芝', '1111', '1551860511'), ('1385', '37', '张柏芝', '1111', '1551860511'), ('1386', '38', '张柏芝', '1111', '1551860511'), ('1387', '39', '张柏芝', '1111', '1551860511'), ('1388', '40', '张柏芝', '1111', '1551860511'), ('1389', '41', '张柏芝', '1111', '1551860511'), ('1390', '42', '张柏芝', '1111', '1551860511'), ('1391', '43', '张柏芝', '1111', '1551860511'), ('1392', '44', '张柏芝', '1111', '1551860511'), ('1393', '45', '张柏芝', '1111', '1551860511'), ('1394', '46', '张柏芝', '1111', '1551860511'), ('1395', '47', '张柏芝', '1111', '1551860511'), ('1396', '48', '张柏芝', '1111', '1551860511'), ('1397', '49', '张柏芝', '1111', '1551860511'), ('1398', '50', '张柏芝', '1111', '1551860511'), ('1399', '51', '张柏芝', '1111', '1551860511'), ('1400', '52', '张柏芝', '1111', '1551860511'), ('1401', '53', '张柏芝', '1111', '1551860511'), ('1402', '54', '张柏芝', '1111', '1551860511'), ('1403', '55', '张柏芝', '1111', '1551860511'), ('1404', '56', '张柏芝', '1111', '1551860511'), ('1405', '57', '张柏芝', '1111', '1551860511'), ('1406', '58', '张柏芝', '1111', '1551860511'), ('1407', '43116', 'GAM201801160001', '0', '1551860511'), ('1408', '43116', 'GAM201801160001', '0', '1551860511'), ('1409', '43138', '20180126-3', '0', '1551860511'), ('1410', '43138', '20180126-3', '0', '1551860511'), ('1411', '43138', '20180126-3', '0', '1551860511'), ('1412', '43138', '20180126-3', '0', '1551860511'), ('1413', '43138', '20180126-3', '0', '1551860511'), ('1414', '43138', '20180126-4', '0', '1551860511'), ('1415', '43138', '20180126-4', '0', '1551860511'), ('1416', '43138', '20180126-4', '0', '1551860511'), ('1417', '43138', '20180126-4', '0', '1551860511'), ('1418', '43138', '20180126-4', '0', '1551860511'), ('1419', '43138', '20180126-4', '0', '1551860511'), ('1420', '43138', '20180126-4', '0', '1551860511'), ('1421', '43138', '20180126-4', '0', '1551860511'), ('1422', '43138', '20180126-5', '0', '1551860511'), ('1423', '43138', '20180126-5', '0', '1551860511'), ('1424', '43138', '20180126-5', '0', '1551860511'), ('1425', '43138', '20180126-5', '0', '1551860511'), ('1426', '43138', '20180126-6', '0', '1551860511'), ('1427', '43138', '20180126-6', '0', '1551860511'), ('1428', '43138', '20180126-6', '0', '1551860511'), ('1429', '43138', '20180126-6', '0', '1551860511'), ('1430', '43138', '20180126-6', '0', '1551860511'), ('1431', '43138', '20180126-6', '0', '1551860511'), ('1432', '43138', '20180126-6', '0', '1551860511'), ('1433', '43138', '20180126-2', '0', '1551860511'), ('1434', '43138', '20180126-2', '0', '1551860511'), ('1435', '43138', '20180126-2', '0', '1551860511'), ('1436', '43138', '20180126-2', '0', '1551860511'), ('1437', '43138', '20180126-2', '0', '1551860511'), ('1438', '43138', '20180126-2', '0', '1551860511'), ('1439', '43138', '20180126-2', '0', '1551860511'), ('1440', '43138', '20180126-2', '0', '1551860511'), ('1441', '43138', '20180126-2', '0', '1551860511'), ('1442', '43166', '20180227-10', '0', '1551860511'), ('1443', '43166', '20180227-10', '0', '1551860511'), ('1444', '43166', '20180227-10', '0', '1551860511'), ('1445', '43166', '20180227-10', '0', '1551860511'), ('1446', '43166', '20180227-10', '0', '1551860511'), ('1447', '43166', '20180227-117', '0', '1551860511'), ('1448', '43166', '20180227-117', '0', '1551860511'), ('1449', '43166', '20180227-117', '0', '1551860511'), ('1450', '43166', '20180227-117', '0', '1551860511'), ('1451', '43166', '20180227-117', '0', '1551860511'), ('1452', '43166', '20180227-117', '0', '1551860511'), ('1453', '43166', '20180227-117', '0', '1551860511'), ('1454', '43166', '20180227-117', '0', '1551860511'), ('1455', '43166', '20180227-117', '0', '1551860511'), ('1456', '43166', '20180227-133', '0', '1551860511'), ('1457', '43166', '20180227-133', '0', '1551860511'), ('1458', '43166', '20180227-133', '0', '1551860511'), ('1459', '43166', '20180227-133', '0', '1551860511'), ('1460', '43166', '20180227-133', '0', '1551860511'), ('1461', '43166', '20180227-133', '0', '1551860511'), ('1462', '43166', '20180227-133', '0', '1551860511'), ('1463', '43166', '20180227-133', '0', '1551860511'), ('1464', '43166', '20180227-133', '0', '1551860511'), ('1465', '43166', '20180227-149', '0', '1551860511'), ('1466', '43166', '20180227-149', '0', '1551860511'), ('1467', '43166', '20180227-149', '0', '1551860511'), ('1468', '43166', '20180227-162', '0', '1551860511'), ('1469', '43166', '20180227-162', '0', '1551860511'), ('1470', '43166', '20180227-162', '0', '1551860511'), ('1471', '43166', '20180227-24', '0', '1551860511'), ('1472', '43166', '20180227-24', '0', '1551860511'), ('1473', '43166', '20180227-24', '0', '1551860511'), ('1474', '43166', '20180227-24', '0', '1551860511'), ('1475', '43166', '20180227-24', '0', '1551860511'), ('1476', '43166', '20180227-24', '0', '1551860511'), ('1477', '43166', '20180227-24', '0', '1551860511'), ('1478', '43166', '20180227-24', '0', '1551860511'), ('1479', '43166', '20180227-37', '0', '1551860511'), ('1480', '43166', '20180227-37', '0', '1551860511'), ('1481', '43166', '20180227-37', '0', '1551860511'), ('1482', '43166', '20180227-37', '0', '1551860511'), ('1483', '43166', '20180227-37', '0', '1551860511'), ('1484', '43166', '20180227-37', '0', '1551860511'), ('1485', '43166', '20180227-37', '0', '1551860511'), ('1486', '43166', '20180227-37', '0', '1551860511'), ('1487', '43166', '20180227-49', '0', '1551860511'), ('1488', '43166', '20180227-49', '0', '1551860511'), ('1489', '43166', '20180227-49', '0', '1551860511'), ('1490', '43166', '20180227-49', '0', '1551860511'), ('1491', '43166', '20180227-49', '0', '1551860511'), ('1492', '43166', '20180227-49', '0', '1551860511'), ('1493', '43166', '20180227-49', '0', '1551860511'), ('1494', '43166', '20180227-49', '0', '1551860511'), ('1495', '43166', '20180227-62,87,100', '0', '1551860511'), ('1496', '43166', '20180227-62,87,100', '0', '1551860511'), ('1497', '43166', '20180227-62,87,100', '0', '1551860511'), ('1498', '43166', '20180227-62,87,100', '0', '1551860511'), ('1499', '43166', '20180227-62,87,100', '0', '1551860511'), ('1500', '43166', '20180227-62,87,100', '0', '1551860511'), ('1501', '43166', '20180227-62,87,100', '0', '1551860511'), ('1502', '43166', '20180227-75', '0', '1551860511'), ('1503', '43166', '20180227-75', '0', '1551860511'), ('1504', '43166', '20180227-75', '0', '1551860511'), ('1505', '43166', '20180227-75', '0', '1551860511'), ('1506', '43175', '3.7质量问题补货', '0', '1551860511'), ('1507', '43175', '3.7质量问题补货', '0', '1551860511'), ('1508', '43179', '20180315-25,12', '0', '1551860511'), ('1509', '43179', '20180315-25,12', '0', '1551860511'), ('1510', '43179', '20180315-25,12', '0', '1551860511'), ('1511', '43179', '20180315-113', '0', '1551860511'), ('1512', '43179', '20180315-113', '0', '1551860511'), ('1513', '43179', '20180315-113', '0', '1551860511'), ('1514', '43179', '20180315-113', '0', '1551860511'), ('1515', '43179', '20180315-113', '0', '1551860511'), ('1516', '43179', '20180315-100,85', '0', '1551860511'), ('1517', '43179', '20180315-100,85', '0', '1551860511'), ('1518', '43179', '20180315-100,85', '0', '1551860511'), ('1519', '43179', '20180315-100,85', '0', '1551860511'), ('1520', '43179', '20180315-100,85', '0', '1551860511'), ('1521', '43179', '20180315-100,85', '0', '1551860511'), ('1522', '43179', '20180315-100,85', '0', '1551860511'), ('1523', '43179', '20180315-171,158,145', '0', '1551860511'), ('1524', '43179', '20180315-171,158,145', '0', '1551860511'), ('1525', '43179', '20180315-171,158,145', '0', '1551860511'), ('1526', '43179', '20180315-171,158,145', '0', '1551860511'), ('1527', '43179', '20180315-171,158,145', '0', '1551860511'), ('1528', '43179', '20180315-171,158,145', '0', '1551860511'), ('1529', '43185', '20180316-15,31,45.59', '0', '1551860511'), ('1530', '43185', '20180316-15,31,45.59', '0', '1551860511'), ('1531', '43185', '20180316-15,31,45.59', '0', '1551860511'), ('1532', '43185', '20180316-15,31,45.59', '0', '1551860511'), ('1533', '43185', '20180316-15,31,45.59', '0', '1551860511'), ('1534', '43185', '20180316-15,31,45.59', '0', '1551860511'), ('1535', '43185', '20180316-15,31,45.59', '0', '1551860511'), ('1536', '43186', '20180321-137.158.179', '0', '1551860511'), ('1537', '43186', '20180321-137.158.179', '0', '1551860511'), ('1538', '43186', '20180321-137.158.179', '0', '1551860511'), ('1539', '43186', '20180321-137.158.179', '0', '1551860511'), ('1540', '43186', '20180321-137.158.179', '0', '1551860511'), ('1541', '43186', '20180321-137.158.179', '0', '1551860511'), ('1542', '43186', '20180321-137.158.179', '0', '1551860511'), ('1543', '43186', '20180321-137.158.179', '0', '1551860511'), ('1544', '43186', '20180321-15.28.41.54', '0', '1551860511'), ('1545', '43186', '20180321-15.28.41.54', '0', '1551860511'), ('1546', '43186', '20180321-15.28.41.54', '0', '1551860511'), ('1547', '43186', '20180321-15.28.41.54', '0', '1551860511'), ('1548', '43186', '20180321-15.28.41.54', '0', '1551860511'), ('1549', '43186', '20180321-15.28.41.54', '0', '1551860511'), ('1550', '43186', '20180321-15.28.41.54', '0', '1551860511'), ('1551', '43186', '20180321-15.28.41.54', '0', '1551860511'), ('1552', '43194', '20180403-20', '0', '1551860511'), ('1553', '43194', '20180403-20', '0', '1551860511'), ('1554', '43194', '20180403-20', '0', '1551860511'), ('1555', '43194', '20180403-20', '0', '1551860511'), ('1556', '43194', '20180403-20', '0', '1551860511'), ('1557', '43194', '20180403-20', '0', '1551860511'), ('1558', '43194', '20180403-20', '0', '1551860511'), ('1559', '43194', '20180403-20', '0', '1551860511'), ('1560', '43194', '3.21出货免费赠品', '0', '1551860511'), ('1561', '43194', '3.21出货免费赠品', '0', '1551860511'), ('1562', '43194', '20180404-59.46', '0', '1551860511'), ('1563', '43194', '20180404-59.46', '0', '1551860511'), ('1564', '43194', '20180404-59.46', '0', '1551860511'), ('1565', '43194', '20180404-59.46', '0', '1551860511'), ('1566', '43194', '20180404-59.46', '0', '1551860511'), ('1567', '43194', '20180404-59.46', '0', '1551860511'), ('1568', '43194', '201800404-127', '0', '1551860511'), ('1569', '43194', '201800404-127', '0', '1551860511'), ('1570', '43194', '201800404-127', '0', '1551860511'), ('1571', '43194', '201800404-127', '0', '1551860511'), ('1572', '43194', '201800404-127', '0', '1551860511'), ('1573', '43194', '20180404-17.33', '0', '1551860511'), ('1574', '43194', '20180404-17.33', '0', '1551860511'), ('1575', '43194', '20180404-17.33', '0', '1551860511'), ('1576', '43194', '20180404-17.33', '0', '1551860511'), ('1577', '43194', '20180404-17.33', '0', '1551860511'), ('1578', '43194', '20180404-17.33', '0', '1551860511'), ('1579', '43194', '20180404-17.33', '0', '1551860511'), ('1580', '43194', '20180404-17.33', '0', '1551860511'), ('1581', '43198', '201800404-114', '0', '1551860511'), ('1582', '43198', '201800404-114', '0', '1551860511'), ('1583', '43198', '201800404-114', '0', '1551860511'), ('1584', '43198', '201800404-114', '0', '1551860511'), ('1585', '43198', '201800404-114', '0', '1551860511'), ('1586', '43198', '201800404-114', '0', '1551860511'), ('1587', '43198', '201800404-114', '0', '1551860511'), ('1588', '43198', '201800404-114', '0', '1551860511'), ('1589', '43198', '3.7发货质量问题补货', '0', '1551860511'), ('1590', '43198', '3.7发货质量问题补货', '0', '1551860511'), ('1591', '43203', '20180413-60', '0', '1551860511'), ('1592', '43203', '20180413-60', '0', '1551860511'), ('1593', '43203', '20180413-60', '0', '1551860511'), ('1594', '43203', '20180413-11.21.30.39', '0', '1551860511'), ('1595', '43203', '20180413-11.21.30.39', '0', '1551860511'), ('1596', '43203', '20180413-11.21.30.39', '0', '1551860511'), ('1597', '43203', '20180413-11.21.30.39', '0', '1551860511'), ('1598', '43203', '20180413-11.21.30.39', '0', '1551860511'), ('1599', '43203', '20180413-11.21.30.39', '0', '1551860511'), ('1600', '43203', '20180413-11.21.30.39', '0', '1551860511'), ('1601', '43211', '20180419-31.44', '0', '1551860511'), ('1602', '43211', '20180419-31.44', '0', '1551860511'), ('1603', '43211', '20180419-31.44', '0', '1551860511'), ('1604', '43211', '20180419-31.44', '0', '1551860511'), ('1605', '43211', '20180419-31.44', '0', '1551860511'), ('1606', '43211', '20180419-31.44', '0', '1551860511'), ('1607', '43211', '201800419-56', '0', '1551860511'), ('1608', '43211', '201800419-56', '0', '1551860511'), ('1609', '43211', '201800419-56', '0', '1551860511'), ('1610', '43211', '201800419-56', '0', '1551860511'), ('1611', '43211', '201800419-56', '0', '1551860511'), ('1612', '43227', '20180504-46.61.76', '0', '1551860511'), ('1613', '43227', '20180504-46.61.76', '0', '1551860511'), ('1614', '43227', '20180504-46.61.76', '0', '1551860511'), ('1615', '43227', '20180504-46.61.76', '0', '1551860511'), ('1616', '43227', '20180504-46.61.76', '0', '1551860511'), ('1617', '43227', '20180504-46.61.76', '0', '1551860511'), ('1618', '43227', '20180504-46.61.76', '0', '1551860511'), ('1619', '43227', '20180504-46.61.76', '0', '1551860511'), ('1620', '43227', '20180504-108.123.138', '0', '1551860511'), ('1621', '43227', '20180504-108.123.138', '0', '1551860511'), ('1622', '43227', '20180504-108.123.138', '0', '1551860511'), ('1623', '43227', '20180504-108.123.138', '0', '1551860511'), ('1624', '43227', '20180504-108.123.138', '0', '1551860511'), ('1625', '43227', '20180504-108.123.138', '0', '1551860511'), ('1626', '43227', '20180504-108.123.138', '0', '1551860511'), ('1627', '43227', '20180504-108.123.138', '0', '1551860511'), ('1628', '43238', '20180517-26.40', '0', '1551860511'), ('1629', '43238', '20180517-26.40', '0', '1551860511'), ('1630', '43238', '20180517-26.40', '0', '1551860511'), ('1631', '43238', '20180517-26.40', '0', '1551860511'), ('1632', '43238', '20180517-26.40', '0', '1551860511'), ('1633', '43238', '20180517-12', '0', '1551860511'), ('1634', '43238', '20180517-12', '0', '1551860511'), ('1635', '43238', '20180517-12', '0', '1551860511'), ('1636', '43244', '4.28日威海不良补货', '0', '1551860511'), ('1637', '43250', '4.28日韩国不良补货', '0', '1551860511'), ('1638', '43258', '5.19出货 韩国不良补货', '0', '1551860511'), ('1639', '43258', '5.19出货 威海不良补货', '0', '1551860511'), ('1640', '43264', '20180525-17', '0', '1551860511'), ('1641', '43264', '20180525-17', '0', '1551860511'), ('1642', '43264', '20180525-17', '0', '1551860511'), ('1643', '43264', '20180525-17', '0', '1551860511'), ('1644', '43264', '20180525-31', '0', '1551860511'), ('1645', '43264', '20180525-31', '0', '1551860511'), ('1646', '43264', '20180525-31', '0', '1551860511'), ('1647', '43264', '20180525-31', '0', '1551860511'), ('1648', '43266', '20180612-17', '0', '1551860511'), ('1649', '43266', '20180612-17', '0', '1551860511'), ('1650', '43266', '20180612-17', '0', '1551860511'), ('1651', '43266', '20180612-17', '0', '1551860511'), ('1652', '43266', '20180612-17', '0', '1551860511'), ('1653', '43278', '20180625.12.26.40.54', '0', '1551860511'), ('1654', '43278', '20180625.12.26.40.54', '0', '1551860511'), ('1655', '43278', '20180625.12.26.40.54', '0', '1551860511'), ('1656', '43278', '20180625.12.26.40.54', '0', '1551860511'), ('1657', '43278', '20180625.12.26.40.54', '0', '1551860511'), ('1658', '43281', '20180626-15.32', '0', '1551860511'), ('1659', '43281', '20180626-15.32', '0', '1551860511'), ('1660', '43281', '20180626-15.32', '0', '1551860511'), ('1661', '43281', '20180626-15.32', '0', '1551860511'), ('1662', '43281', '20180626-15.32', '0', '1551860511'), ('1663', '43281', '20180626-15.32', '0', '1551860511'), ('1664', '43281', '20180626-15.32', '0', '1551860511'), ('1665', '43281', '20180626-15.32', '0', '1551860511'), ('1666', '43281', '20180626-15.32', '0', '1551860511'), ('1667', '43281', '20180627-16', '0', '1551860511'), ('1668', '43281', '20180627-16', '0', '1551860511'), ('1669', '43281', '20180627-16', '0', '1551860511'), ('1670', '43281', '20180627-16', '0', '1551860511'), ('1671', '43281', '20180627-16', '0', '1551860511'), ('1672', '43281', '20180627-16', '0', '1551860511'), ('1673', '43281', '20180627-16', '0', '1551860511'), ('1674', '43281', '20180627-16', '0', '1551860511'), ('1675', '43288', '20180704-47', '0', '1551860511'), ('1676', '43288', '20180704-47', '0', '1551860511'), ('1677', '43288', '20180704-47', '0', '1551860511'), ('1678', '43288', '20180704-47', '0', '1551860511'), ('1679', '43288', '20180703-39', '0', '1551860511'), ('1680', '43288', '20180703-39', '0', '1551860511'), ('1681', '43288', '20180703-39', '0', '1551860511'), ('1682', '43288', '20180703-39', '0', '1551860511'), ('1683', '43288', '20180703-39', '0', '1551860511'), ('1684', '43288', '20180703-39', '0', '1551860511'), ('1685', '43288', '20180703-39', '0', '1551860511'), ('1686', '43288', '20180703-39', '0', '1551860511'), ('1687', '43288', '20180703-39', '0', '1551860511'), ('1688', '43288', '20180703-25', '0', '1551860511'), ('1689', '43288', '20180703-25', '0', '1551860511'), ('1690', '43288', '20180703-25', '0', '1551860511'), ('1691', '43288', '20180703-25', '0', '1551860511'), ('1692', '43288', '20180703-25', '0', '1551860511'), ('1693', '43288', '20180703-25', '0', '1551860511'), ('1694', '43288', '20180703-25', '0', '1551860511'), ('1695', '43288', '20180703-25', '0', '1551860511'), ('1696', '43288', '20180703-25', '0', '1551860511'), ('1697', '43288', '20180703-11', '0', '1551860511'), ('1698', '43288', '20180703-11', '0', '1551860511'), ('1699', '43288', '20180703-11', '0', '1551860511'), ('1700', '43288', '20180703-11', '0', '1551860511'), ('1701', '43288', '20180703-11', '0', '1551860511'), ('1702', '43288', '20180703-11', '0', '1551860511'), ('1703', '43288', '20180703-11', '0', '1551860511'), ('1704', '43288', '20180703-11', '0', '1551860511'), ('1705', '43288', '20180703-11', '0', '1551860511'), ('1706', '43288', '20180703-54.68.82.96', '0', '1551860511'), ('1707', '43288', '20180703-54.68.82.96', '0', '1551860511'), ('1708', '43288', '20180703-54.68.82.96', '0', '1551860511'), ('1709', '43288', '20180703-54.68.82.96', '0', '1551860511'), ('1710', '43288', '20180703-54.68.82.96', '0', '1551860511'), ('1711', '43288', '20180703-54.68.82.96', '0', '1551860511'), ('1712', '43288', '20180703-54.68.82.96', '0', '1551860511'), ('1713', '43288', '20180703-54.68.82.96', '0', '1551860511'), ('1714', '43288', '20180703-54.68.82.96', '0', '1551860511'), ('1715', '43288', '20180703-54.68.82.96', '0', '1551860511'), ('1716', '43288', '20180703-54.68.82.96', '0', '1551860511'), ('1717', '43290', '6.1日不良免费补货', '0', '1551860511'), ('1718', '43291', '20180704-30', '0', '1551860511'), ('1719', '43291', '20180704-30', '0', '1551860511'), ('1720', '43291', '20180704-30', '0', '1551860511'), ('1721', '43300', '7.13日不良免费补货', '0', '1551860511'), ('1722', '43300', '20180703-54.68.82.96', '0', '1551860511'), ('1723', '43308', '20180725-14.29', '0', '1551860511'), ('1724', '43308', '20180725-14.29', '0', '1551860511'), ('1725', '43308', '20180725-14.29', '0', '1551860511'), ('1726', '43308', '20180725-14.29', '0', '1551860511'), ('1727', '43308', '20180725-14.29', '0', '1551860511'), ('1728', '43308', '20180725-14.29', '0', '1551860511'), ('1729', '43308', '20180725-14.29', '0', '1551860511'), ('1730', '43316', '20180719-23', '0', '1551860511'), ('1731', '43316', '20180719-23', '0', '1551860511'), ('1732', '43316', '20180719-23', '0', '1551860511'), ('1733', '43316', '20180719-23', '0', '1551860511'), ('1734', '43316', '20180719-23', '0', '1551860511'), ('1735', '43316', '20180719-23', '0', '1551860511'), ('1736', '43316', '20180719-23', '0', '1551860511'), ('1737', '43316', '20180719-23', '0', '1551860511'), ('1738', '43316', '20180719-23', '0', '1551860511'), ('1739', '43322', '20180731-24', '0', '1551860511'), ('1740', '43322', '20180731-24', '0', '1551860511'), ('1741', '43322', '20180731-24', '0', '1551860511'), ('1742', '43322', '20180731-24', '0', '1551860511'), ('1743', '43325', '20180727-41', '0', '1551860511'), ('1744', '43325', '20180727-41', '0', '1551860511'), ('1745', '43325', '20180727-41', '0', '1551860511'), ('1746', '43325', '20180727-41', '0', '1551860511'), ('1747', '43325', '20180727-41', '0', '1551860511'), ('1748', '43325', '20180727-41', '0', '1551860511'), ('1749', '43325', '20180808-17', '0', '1551860511'), ('1750', '43325', '20180808-17', '0', '1551860511'), ('1751', '43325', '20180808-17', '0', '1551860511'), ('1752', '43325', '20180808-17', '0', '1551860511'), ('1753', '43325', '20180808-17', '0', '1551860511'), ('1754', '43325', '20180808-17', '0', '1551860511'), ('1755', '43325', '20180808-17', '0', '1551860511'), ('1756', '43325', '20180808-17', '0', '1551860511'), ('1757', '43325', '20180808-17', '0', '1551860511'), ('1758', '43325', '20180808-33', '0', '1551860511'), ('1759', '43325', '20180808-33', '0', '1551860511'), ('1760', '43325', '20180808-33', '0', '1551860511'), ('1761', '43325', '20180808-33', '0', '1551860511'), ('1762', '43325', '20180808-33', '0', '1551860511'), ('1763', '43325', '20180808-33', '0', '1551860511'), ('1764', '43325', '20180808-33', '0', '1551860511'), ('1765', '43325', '20180808-33', '0', '1551860511'), ('1766', '43325', '20180808-33', '0', '1551860511'), ('1767', '43325', '20180808-33', '0', '1551860511'), ('1768', '43325', '20180808-33', '0', '1551860511'), ('1769', '43325', '20180731-11', '0', '1551860511'), ('1770', '43325', '20180731-11', '0', '1551860511'), ('1771', '43325', '20180731-11', '0', '1551860511'), ('1772', '43325', '20180731-11', '0', '1551860511'), ('1773', '43326', '7月19日出货不良免费补货', '0', '1551860511'), ('1774', '43326', '8月6日出货不良免费补货', '0', '1551860511'), ('1775', '43334', '20180717-9', '0', '1551860511'), ('1776', '43334', '20180717-9', '0', '1551860511'), ('1777', '43334', '20180809-10', '0', '1551860511'), ('1778', '43334', '20180809-10', '0', '1551860511'), ('1779', '43334', '20180809-10', '0', '1551860511'), ('1780', '43334', '20180809-10', '0', '1551860511'), ('1781', '43334', '20180817-24', '0', '1551860511'), ('1782', '43334', '20180817-24', '0', '1551860511'), ('1783', '43334', '20180817-24', '0', '1551860511'), ('1784', '43334', '20180817-24', '0', '1551860511'), ('1785', '43334', '20180817-24', '0', '1551860511'), ('1786', '43340', '8月15日出货不良免费补货', '0', '1551860511'), ('1787', '43343', '20180831-27', '0', '1551860511'), ('1788', '43343', '20180831-27', '0', '1551860511'), ('1789', '43343', '20180831-27', '0', '1551860511'), ('1790', '43343', '20180831-27', '0', '1551860511'), ('1791', '43350', '20180831-11', '0', '1551860511'), ('1792', '43350', '20180831-11', '0', '1551860511'), ('1793', '43350', '20180831-11', '0', '1551860511'), ('1794', '43350', '20180831-11', '0', '1551860511'), ('1795', '43350', '20180904-12', '0', '1551860511'), ('1796', '43350', '20180904-12', '0', '1551860511'), ('1797', '43350', '20180904-12', '0', '1551860511'), ('1798', '43350', '20180904-12', '0', '1551860511'), ('1799', '43350', '20180904-26', '0', '1551860511'), ('1800', '43350', '20180904-26', '0', '1551860511'), ('1801', '43350', '20180904-26', '0', '1551860511'), ('1802', '43350', '20180906-12', '0', '1551860511'), ('1803', '43350', '20180906-12', '0', '1551860511'), ('1804', '43350', '20180906-12', '0', '1551860511'), ('1805', '43350', '20180906-12', '0', '1551860511'), ('1806', '43350', '20180906-12', '0', '1551860511'), ('1807', '43350', '20180906-12', '0', '1551860511'), ('1808', '43350', '20180906-12', '0', '1551860511'), ('1809', '43354', '20180904-52', '0', '1551860511'), ('1810', '43354', '20180904-52', '0', '1551860511'), ('1811', '43354', '20180904-52', '0', '1551860511'), ('1812', '43354', '20180904-52', '0', '1551860511'), ('1813', '43354', '20180904-52', '0', '1551860511'), ('1814', '43354', '20180904-52', '0', '1551860511'), ('1815', '43354', '20180904-52', '0', '1551860511'), ('1816', '43354', '20180904-52', '0', '1551860511'), ('1817', '43354', '20180904-52', '0', '1551860511'), ('1818', '43354', '20180904-52', '0', '1551860511'), ('1819', '43354', '20180904-52', '0', '1551860511'), ('1820', '43354', '20180904-61', '0', '1551860511'), ('1821', '43354', '20180904-61', '0', '1551860511'), ('1822', '43354', '20180904-61', '0', '1551860511'), ('1823', '43354', '20180904-61', '0', '1551860511'), ('1824', '43357', '20180913-14', '0', '1551860511'), ('1825', '43357', '20180913-14', '0', '1551860511'), ('1826', '43357', '20180913-14', '0', '1551860511'), ('1827', '43357', '20180913-14', '0', '1551860511'), ('1828', '43395', '20181016-28', '0', '1551860511'), ('1829', '43395', '20181016-28', '0', '1551860511'), ('1830', '43395', '20181016-28', '0', '1551860511'), ('1831', '43395', '20181016-28', '0', '1551860511'), ('1832', '43395', '20181016-28', '0', '1551860511'), ('1833', '43402', '20181018-32', '0', '1551860511'), ('1834', '43402', '20181018-32', '0', '1551860511'), ('1835', '43402', '20181018-32', '0', '1551860511'), ('1836', '43402', '20181018-32', '0', '1551860511'), ('1837', '43402', '20181023-45', '0', '1551860511'), ('1838', '43402', '20181023-45', '0', '1551860511'), ('1839', '43402', '20181023-45', '0', '1551860511'), ('1840', '43402', '20181023-45', '0', '1551860511'), ('1841', '43402', '20181023-45', '0', '1551860511'), ('1842', '43402', '20181023-59.13', '0', '1551860511'), ('1843', '43402', '20181023-59.13', '0', '1551860511'), ('1844', '43402', '20181023-59.13', '0', '1551860511'), ('1845', '43402', '20181023-59.13', '0', '1551860511'), ('1846', '43402', '20181023-59.13', '0', '1551860511'), ('1847', '43402', '20181023-59.13', '0', '1551860511'), ('1848', '43402', '20181023-59.13', '0', '1551860511'), ('1849', '43402', '20181023-59.13', '0', '1551860511'), ('1850', '43402', '20181023-59.13', '0', '1551860511'), ('1851', '43402', '20181023-109', '0', '1551860511'), ('1852', '43402', '20181023-109', '0', '1551860511'), ('1853', '43402', '20181023-109', '0', '1551860511'), ('1854', '43402', '20181023-109', '0', '1551860511'), ('1855', '43402', '20181023-109', '0', '1551860511'), ('1856', '43402', '20181023-109', '0', '1551860511'), ('1857', '43402', '20181023-109', '0', '1551860511'), ('1858', '43402', '20181023-109', '0', '1551860511'), ('1859', '43402', '20181023-109', '0', '1551860511'), ('1860', '43402', '20181023-109', '0', '1551860511'), ('1861', '43402', '20181023-109', '0', '1551860511'), ('1862', '43414', '20181102-13', '0', '1551860511'), ('1863', '43414', '20181102-13', '0', '1551860511'), ('1864', '43414', '20181102-13', '0', '1551860511'), ('1865', '43414', '20181102-13', '0', '1551860511'), ('1866', '43420', '20181114-106', '0', '1551860511'), ('1867', '43420', '20181114-106', '0', '1551860511'), ('1868', '43420', '20181114-106', '0', '1551860511'), ('1869', '43420', '20181114-106', '0', '1551860511'), ('1870', '43420', '20181114-106', '0', '1551860511'), ('1871', '43420', '20181114-106', '0', '1551860511'), ('1872', '43420', '20181114-106', '0', '1551860511'), ('1873', '43420', '20181114-106', '0', '1551860511'), ('1874', '43420', '20181114-106', '0', '1551860511'), ('1875', '43420', '20181114-77', '0', '1551860511'), ('1876', '43420', '20181114-77', '0', '1551860511'), ('1877', '43420', '20181114-77', '0', '1551860511'), ('1878', '43420', '20181114-77', '0', '1551860511'), ('1879', '43420', '20181114-77', '0', '1551860511'), ('1880', '43420', '20181114-77', '0', '1551860511'), ('1881', '43420', '20181114-77', '0', '1551860511'), ('1882', '43420', '20181114-77', '0', '1551860511'), ('1883', '43420', '20181114-77', '0', '1551860511'), ('1884', '43420', '20181114-77', '0', '1551860511'), ('1885', '43420', '20181114-77', '0', '1551860511'), ('1886', '43420', '20181114-25', '0', '1551860511'), ('1887', '43420', '20181114-25', '0', '1551860511'), ('1888', '43420', '20181114-25', '0', '1551860511'), ('1889', '43420', '20181114-25', '0', '1551860511'), ('1890', '43420', '20181114-25', '0', '1551860511'), ('1891', '43420', '20181114-25', '0', '1551860511'), ('1892', '43420', '20181114-25', '0', '1551860511'), ('1893', '43420', '20181114-25', '0', '1551860511'), ('1894', '43420', '20181114-25', '0', '1551860511'), ('1895', '43434', '20181130-1 & 2018113', '0', '1551860511'), ('1896', '43434', '20181130-1 & 2018113', '0', '1551860511'), ('1897', '43434', '20181130-1 & 2018113', '0', '1551860511'), ('1898', '43434', '20181130-1 & 2018113', '0', '1551860511'), ('1899', '43434', '20181130-1 & 2018113', '0', '1551860511'), ('1900', '43434', '20181130-1 & 2018113', '0', '1551860511'), ('1901', '43434', '20181130-1 & 2018113', '0', '1551860511'), ('1902', '43434', '20181130-1 & 2018113', '0', '1551860511'), ('1903', '43434', '20181130-1 & 2018113', '0', '1551860511'), ('1904', '43434', '20181130-1 & 2018113', '0', '1551860511'), ('1905', '43434', '20181130-1 & 2018113', '0', '1551860511'), ('1906', '43437', '11.26出货不良免费补货', '0', '1551860511'), ('1907', '43453', '20181217-31', '0', '1551860511'), ('1908', '43453', '20181217-31', '0', '1551860511'), ('1909', '43453', '20181217-31', '0', '1551860511'), ('1910', '43453', '20181217-31', '0', '1551860511'), ('1911', '43453', '20181217-16', '0', '1551860511'), ('1912', '43453', '20181217-16', '0', '1551860511'), ('1913', '43453', '20181217-16', '0', '1551860511'), ('1914', '43453', '20181217-16', '0', '1551860511'), ('1915', '43453', '20181217-16', '0', '1551860511'), ('1916', '43453', '20181217-16', '0', '1551860511'), ('1917', '43453', '20181217-16', '0', '1551860511'), ('1918', '43453', '20181217-16', '0', '1551860511'), ('1919', '43453', '20181217-16', '0', '1551860511'), ('1920', '43453', '20181217-16', '0', '1551860511'), ('1921', '43453', '20181217-16', '0', '1551860511'), ('1922', '43462', '20181228-62.77', '0', '1551860511'), ('1923', '43462', '20181228-62.77', '0', '1551860511'), ('1924', '43462', '20181228-62.77', '0', '1551860511'), ('1925', '43462', '20181228-62.77', '0', '1551860511'), ('1926', '43462', '20181228-62.77', '0', '1551860511'), ('1927', '43462', '20181228-62.77', '0', '1551860511'), ('1928', '43462', '20181228-62.77', '0', '1551860511'), ('1929', '43462', '20181228-62.77', '0', '1551860511'), ('1930', '43462', '20181228-62.77', '0', '1551860511'), ('1931', '43462', '20181228-62.77', '0', '1551860511'), ('1932', '43462', '20181228-62.77', '0', '1551860511'), ('1933', '43462', '20181228-33', '0', '1551860511'), ('1934', '43462', '20181228-33', '0', '1551860511'), ('1935', '43462', '20181228-33', '0', '1551860511'), ('1936', '43462', '20181228-33', '0', '1551860511'), ('1937', '43462', '20181228-33', '0', '1551860511'), ('1938', '43462', '20181228-33', '0', '1551860511'), ('1939', '43462', '20181228-33', '0', '1551860511'), ('1940', '43462', '20181228-33', '0', '1551860511'), ('1941', '43462', '20181228-33', '0', '1551860511'), ('1942', '1', '张洪波', '33', '1551860511'), ('1943', '2', '张鹤伦', '18', '1551860511'), ('1944', '3', '郎鹤炎', '21', '1551860511'), ('1945', '4', '岳云鹏', '22', '1551860511'), ('1946', '5', '郭德纲', '32', '1551860511'), ('1947', '6', '曹鹤阳', '24', '1551860511'), ('1948', '7', '烧饼', '25', '1551860511'), ('1949', '8', '张云雷', '27', '1551860511'), ('1950', '9', '周星驰', '31', '1551860511'), ('1951', '10', '张柏芝', '1111', '1551860511'), ('1952', '11', '张柏芝', '1111', '1551860511'), ('1953', '12', '张柏芝', '1111', '1551860511'), ('1954', '13', '张柏芝', '1111', '1551860511'), ('1955', '14', '张柏芝', '1111', '1551860511'), ('1956', '15', '张柏芝', '1111', '1551860511'), ('1957', '16', '张柏芝', '1111', '1551860511'), ('1958', '17', '张柏芝', '1111', '1551860511'), ('1959', '18', '张柏芝', '1111', '1551860511'), ('1960', '19', '张柏芝', '1111', '1551860511'), ('1961', '20', '张柏芝', '1111', '1551860511'), ('1962', '21', '张柏芝', '1111', '1551860511'), ('1963', '22', '张柏芝', '1111', '1551860511'), ('1964', '23', '张柏芝', '1111', '1551860511'), ('1965', '24', '张柏芝', '1111', '1551860511'), ('1966', '25', '张柏芝', '1111', '1551860511'), ('1967', '26', '张柏芝', '1111', '1551860511'), ('1968', '27', '张柏芝', '1111', '1551860511'), ('1969', '28', '张柏芝', '1111', '1551860511'), ('1970', '29', '张柏芝', '1111', '1551860511'), ('1971', '30', '张柏芝', '1111', '1551860511'), ('1972', '31', '张柏芝', '1111', '1551860511'), ('1973', '33', '张柏芝', '1111', '1551860511'), ('1974', '34', '张柏芝', '1111', '1551860511'), ('1975', '35', '张柏芝', '1111', '1551860511'), ('1976', '36', '张柏芝', '1111', '1551860511'), ('1977', '37', '张柏芝', '1111', '1551860511'), ('1978', '38', '张柏芝', '1111', '1551860511'), ('1979', '39', '张柏芝', '1111', '1551860511'), ('1980', '40', '张柏芝', '1111', '1551860511'), ('1981', '41', '张柏芝', '1111', '1551860511'), ('1982', '42', '张柏芝', '1111', '1551860511'), ('1983', '43', '张柏芝', '1111', '1551860511'), ('1984', '44', '张柏芝', '1111', '1551860511'), ('1985', '45', '张柏芝', '1111', '1551860511'), ('1986', '46', '张柏芝', '1111', '1551860511'), ('1987', '47', '张柏芝', '1111', '1551860511'), ('1988', '48', '张柏芝', '1111', '1551860511'), ('1989', '49', '张柏芝', '1111', '1551860511'), ('1990', '50', '张柏芝', '1111', '1551860511'), ('1991', '51', '张柏芝', '1111', '1551860511'), ('1992', '52', '张柏芝', '1111', '1551860511'), ('1993', '53', '张柏芝', '1111', '1551860511'), ('1994', '54', '张柏芝', '1111', '1551860511'), ('1995', '55', '张柏芝', '1111', '1551860511'), ('1996', '56', '张柏芝', '1111', '1551860511'), ('1997', '57', '张柏芝', '1111', '1551860511'), ('1998', '58', '张柏芝', '1111', '1551860511'), ('1999', '1', '张洪波', '33', '1551860511'), ('2000', '2', '张鹤伦', '18', '1551860511'), ('2001', '3', '郎鹤炎', '21', '1551860511'), ('2002', '4', '岳云鹏', '22', '1551860511'), ('2003', '5', '郭德纲', '32', '1551860511'), ('2004', '6', '曹鹤阳', '24', '1551860511'), ('2005', '7', '烧饼', '25', '1551860511'), ('2006', '8', '张云雷', '27', '1551860511'), ('2007', '9', '周星驰', '31', '1551860511'), ('2008', '10', '张柏芝', '1111', '1551860511'), ('2009', '11', '张柏芝', '1111', '1551860511'), ('2010', '12', '张柏芝', '1111', '1551860511'), ('2011', '13', '张柏芝', '1111', '1551860511'), ('2012', '14', '张柏芝', '1111', '1551860511'), ('2013', '15', '张柏芝', '1111', '1551860511'), ('2014', '16', '张柏芝', '1111', '1551860511'), ('2015', '17', '张柏芝', '1111', '1551860511'), ('2016', '18', '张柏芝', '1111', '1551860511'), ('2017', '19', '张柏芝', '1111', '1551860511'), ('2018', '20', '张柏芝', '1111', '1551860511'), ('2019', '21', '张柏芝', '1111', '1551860511'), ('2020', '22', '张柏芝', '1111', '1551860511'), ('2021', '23', '张柏芝', '1111', '1551860511'), ('2022', '24', '张柏芝', '1111', '1551860511'), ('2023', '25', '张柏芝', '1111', '1551860511'), ('2024', '26', '张柏芝', '1111', '1551860511'), ('2025', '27', '张柏芝', '1111', '1551860511'), ('2026', '28', '张柏芝', '1111', '1551860511'), ('2027', '29', '张柏芝', '1111', '1551860511'), ('2028', '30', '张柏芝', '1111', '1551860511'), ('2029', '31', '张柏芝', '1111', '1551860511'), ('2030', '33', '张柏芝', '1111', '1551860511'), ('2031', '34', '张柏芝', '1111', '1551860511'), ('2032', '35', '张柏芝', '1111', '1551860511'), ('2033', '36', '张柏芝', '1111', '1551860511'), ('2034', '37', '张柏芝', '1111', '1551860511'), ('2035', '38', '张柏芝', '1111', '1551860511'), ('2036', '39', '张柏芝', '1111', '1551860511'), ('2037', '40', '张柏芝', '1111', '1551860511'), ('2038', '41', '张柏芝', '1111', '1551860511'), ('2039', '42', '张柏芝', '1111', '1551860511'), ('2040', '43', '张柏芝', '1111', '1551860511'), ('2041', '44', '张柏芝', '1111', '1551860511'), ('2042', '45', '张柏芝', '1111', '1551860511'), ('2043', '46', '张柏芝', '1111', '1551860511'), ('2044', '47', '张柏芝', '1111', '1551860511'), ('2045', '48', '张柏芝', '1111', '1551860511'), ('2046', '49', '张柏芝', '1111', '1551860511'), ('2047', '50', '张柏芝', '1111', '1551860511'), ('2048', '51', '张柏芝', '1111', '1551860511'), ('2049', '52', '张柏芝', '1111', '1551860511'), ('2050', '53', '张柏芝', '1111', '1551860511'), ('2051', '54', '张柏芝', '1111', '1551860511'), ('2052', '55', '张柏芝', '1111', '1551860511'), ('2053', '56', '张柏芝', '1111', '1551860511'), ('2054', '57', '张柏芝', '1111', '1551860511'), ('2055', '58', '张柏芝', '1111', '1551860511'), ('2056', '1', '张洪波', '33', '1552010237'), ('2057', '2', '张鹤伦', '18', '1552010237'), ('2058', '3', '郎鹤炎', '21', '1552010237'), ('2059', '4', '岳云鹏', '22', '1552010237'), ('2060', '5', '郭德纲', '32', '1552010237'), ('2061', '6', '曹鹤阳', '24', '1552010237'), ('2062', '7', '烧饼', '25', '1552010237'), ('2063', '8', '张云雷', '27', '1552010237'), ('2064', '9', '周星驰', '31', '1552010237'), ('2065', '10', '张柏芝', '1111', '1552010237'), ('2066', '11', '张柏芝', '1111', '1552010237'), ('2067', '12', '张柏芝', '1111', '1552010237'), ('2068', '13', '张柏芝', '1111', '1552010237'), ('2069', '14', '张柏芝', '1111', '1552010237'), ('2070', '15', '张柏芝', '1111', '1552010237'), ('2071', '16', '张柏芝', '1111', '1552010237'), ('2072', '17', '张柏芝', '1111', '1552010237'), ('2073', '18', '张柏芝', '1111', '1552010237'), ('2074', '19', '张柏芝', '1111', '1552010237'), ('2075', '20', '张柏芝', '1111', '1552010237'), ('2076', '21', '张柏芝', '1111', '1552010237'), ('2077', '22', '张柏芝', '1111', '1552010237'), ('2078', '23', '张柏芝', '1111', '1552010237'), ('2079', '24', '张柏芝', '1111', '1552010237'), ('2080', '25', '张柏芝', '1111', '1552010237'), ('2081', '26', '张柏芝', '1111', '1552010237'), ('2082', '27', '张柏芝', '1111', '1552010237'), ('2083', '28', '张柏芝', '1111', '1552010237'), ('2084', '29', '张柏芝', '1111', '1552010237'), ('2085', '30', '张柏芝', '1111', '1552010237'), ('2086', '31', '张柏芝', '1111', '1552010237'), ('2087', '33', '张柏芝', '1111', '1552010237'), ('2088', '34', '张柏芝', '1111', '1552010237'), ('2089', '35', '张柏芝', '1111', '1552010237'), ('2090', '36', '张柏芝', '1111', '1552010237'), ('2091', '37', '张柏芝', '1111', '1552010237'), ('2092', '38', '张柏芝', '1111', '1552010237'), ('2093', '39', '张柏芝', '1111', '1552010237'), ('2094', '40', '张柏芝', '1111', '1552010237'), ('2095', '41', '张柏芝', '1111', '1552010237'), ('2096', '42', '张柏芝', '1111', '1552010237'), ('2097', '43', '张柏芝', '1111', '1552010237'), ('2098', '44', '张柏芝', '1111', '1552010237'), ('2099', '45', '张柏芝', '1111', '1552010237'), ('2100', '46', '张柏芝', '1111', '1552010237'), ('2101', '47', '张柏芝', '1111', '1552010237'), ('2102', '48', '张柏芝', '1111', '1552010237'), ('2103', '49', '张柏芝', '1111', '1552010237'), ('2104', '50', '张柏芝', '1111', '1552010237'), ('2105', '51', '张柏芝', '1111', '1552010237'), ('2106', '52', '张柏芝', '1111', '1552010237'), ('2107', '53', '张柏芝', '1111', '1552010237'), ('2108', '54', '张柏芝', '1111', '1552010237'), ('2109', '55', '张柏芝', '1111', '1552010237'), ('2110', '56', '张柏芝', '1111', '1552010237'), ('2111', '57', '张柏芝', '1111', '1552010237'), ('2112', '58', '张柏芝', '1111', '1552010237'), ('2113', '222', '222.0000', '222', '1552010246'), ('2114', '1', '张洪波', '33', '1552013872'), ('2115', '2', '张鹤伦', '18', '1552013872'), ('2116', '3', '郎鹤炎', '21', '1552013872'), ('2117', '4', '岳云鹏', '22', '1552013872'), ('2118', '5', '郭德纲', '32', '1552013872'), ('2119', '6', '曹鹤阳', '24', '1552013872'), ('2120', '7', '烧饼', '25', '1552013872'), ('2121', '8', '张云雷', '27', '1552013872'), ('2122', '9', '周星驰', '31', '1552013872'), ('2123', '10', '张柏芝', '1111', '1552013872'), ('2124', '11', '张柏芝', '1111', '1552013872'), ('2125', '12', '张柏芝', '1111', '1552013872'), ('2126', '13', '张柏芝', '1111', '1552013872'), ('2127', '14', '张柏芝', '1111', '1552013872'), ('2128', '15', '张柏芝', '1111', '1552013872'), ('2129', '16', '张柏芝', '1111', '1552013872'), ('2130', '17', '张柏芝', '1111', '1552013872'), ('2131', '18', '张柏芝', '1111', '1552013872'), ('2132', '19', '张柏芝', '1111', '1552013872'), ('2133', '20', '张柏芝', '1111', '1552013872'), ('2134', '21', '张柏芝', '1111', '1552013872'), ('2135', '22', '张柏芝', '1111', '1552013872'), ('2136', '23', '张柏芝', '1111', '1552013872'), ('2137', '24', '张柏芝', '1111', '1552013872'), ('2138', '25', '张柏芝', '1111', '1552013872'), ('2139', '26', '张柏芝', '1111', '1552013872'), ('2140', '27', '张柏芝', '1111', '1552013872'), ('2141', '28', '张柏芝', '1111', '1552013872'), ('2142', '29', '张柏芝', '1111', '1552013872'), ('2143', '30', '张柏芝', '1111', '1552013872'), ('2144', '31', '张柏芝', '1111', '1552013872'), ('2145', '33', '张柏芝', '1111', '1552013872'), ('2146', '34', '张柏芝', '1111', '1552013872'), ('2147', '35', '张柏芝', '1111', '1552013872'), ('2148', '36', '张柏芝', '1111', '1552013872'), ('2149', '37', '张柏芝', '1111', '1552013872'), ('2150', '38', '张柏芝', '1111', '1552013872'), ('2151', '39', '张柏芝', '1111', '1552013872'), ('2152', '40', '张柏芝', '1111', '1552013872'), ('2153', '41', '张柏芝', '1111', '1552013872'), ('2154', '42', '张柏芝', '1111', '1552013872'), ('2155', '43', '张柏芝', '1111', '1552013872'), ('2156', '44', '张柏芝', '1111', '1552013872'), ('2157', '45', '张柏芝', '1111', '1552013872'), ('2158', '46', '张柏芝', '1111', '1552013872'), ('2159', '47', '张柏芝', '1111', '1552013872'), ('2160', '48', '张柏芝', '1111', '1552013872'), ('2161', '49', '张柏芝', '1111', '1552013872'), ('2162', '50', '张柏芝', '1111', '1552013872'), ('2163', '51', '张柏芝', '1111', '1552013872'), ('2164', '52', '张柏芝', '1111', '1552013872'), ('2165', '53', '张柏芝', '1111', '1552013872'), ('2166', '54', '张柏芝', '1111', '1552013872'), ('2167', '55', '张柏芝', '1111', '1552013872'), ('2168', '56', '张柏芝', '1111', '1552013872'), ('2169', '57', '张柏芝', '1111', '1552013872'), ('2170', '58', '张柏芝', '1111', '1552013872'), ('2171', '1', '张洪波', '33', '1552013898'), ('2172', '2', '张鹤伦', '18', '1552013898'), ('2173', '3', '郎鹤炎', '21', '1552013898'), ('2174', '4', '岳云鹏', '22', '1552013898'), ('2175', '5', '郭德纲', '32', '1552013898'), ('2176', '6', '曹鹤阳', '24', '1552013898'), ('2177', '7', '烧饼', '25', '1552013898'), ('2178', '8', '张云雷', '27', '1552013898'), ('2179', '9', '周星驰', '31', '1552013898'), ('2180', '10', '张柏芝', '1111', '1552013898'), ('2181', '11', '张柏芝', '1111', '1552013898'), ('2182', '12', '张柏芝', '1111', '1552013898'), ('2183', '13', '张柏芝', '1111', '1552013898'), ('2184', '14', '张柏芝', '1111', '1552013898'), ('2185', '15', '张柏芝', '1111', '1552013898'), ('2186', '16', '张柏芝', '1111', '1552013898'), ('2187', '17', '张柏芝', '1111', '1552013898'), ('2188', '18', '张柏芝', '1111', '1552013898'), ('2189', '19', '张柏芝', '1111', '1552013898'), ('2190', '20', '张柏芝', '1111', '1552013898'), ('2191', '21', '张柏芝', '1111', '1552013898'), ('2192', '22', '张柏芝', '1111', '1552013898'), ('2193', '23', '张柏芝', '1111', '1552013898'), ('2194', '24', '张柏芝', '1111', '1552013898'), ('2195', '25', '张柏芝', '1111', '1552013898'), ('2196', '26', '张柏芝', '1111', '1552013898'), ('2197', '27', '张柏芝', '1111', '1552013898'), ('2198', '28', '张柏芝', '1111', '1552013898'), ('2199', '29', '张柏芝', '1111', '1552013898'), ('2200', '30', '张柏芝', '1111', '1552013898'), ('2201', '31', '张柏芝', '1111', '1552013898'), ('2202', '33', '张柏芝', '1111', '1552013898'), ('2203', '34', '张柏芝', '1111', '1552013898'), ('2204', '35', '张柏芝', '1111', '1552013898'), ('2205', '36', '张柏芝', '1111', '1552013898'), ('2206', '37', '张柏芝', '1111', '1552013898'), ('2207', '38', '张柏芝', '1111', '1552013898'), ('2208', '39', '张柏芝', '1111', '1552013898'), ('2209', '40', '张柏芝', '1111', '1552013898'), ('2210', '41', '张柏芝', '1111', '1552013898'), ('2211', '42', '张柏芝', '1111', '1552013898'), ('2212', '43', '张柏芝', '1111', '1552013898'), ('2213', '44', '张柏芝', '1111', '1552013898'), ('2214', '45', '张柏芝', '1111', '1552013898'), ('2215', '46', '张柏芝', '1111', '1552013898'), ('2216', '47', '张柏芝', '1111', '1552013898'), ('2217', '48', '张柏芝', '1111', '1552013898'), ('2218', '49', '张柏芝', '1111', '1552013898'), ('2219', '50', '张柏芝', '1111', '1552013898'), ('2220', '51', '张柏芝', '1111', '1552013898'), ('2221', '52', '张柏芝', '1111', '1552013898'), ('2222', '53', '张柏芝', '1111', '1552013898'), ('2223', '54', '张柏芝', '1111', '1552013898'), ('2224', '55', '张柏芝', '1111', '1552013898'), ('2225', '56', '张柏芝', '1111', '1552013898'), ('2226', '57', '张柏芝', '1111', '1552013898'), ('2227', '58', '张柏芝', '1111', '1552013898'), ('2228', '222', '222.0000', '222', '1552013934'), ('2229', '222', '222.0000', '222', '1552014020'), ('2230', '1', '张洪波', '33', '1552014028'), ('2231', '2', '张鹤伦', '18', '1552014028'), ('2232', '3', '郎鹤炎', '21', '1552014028'), ('2233', '4', '岳云鹏', '22', '1552014028'), ('2234', '5', '郭德纲', '32', '1552014028'), ('2235', '6', '曹鹤阳', '24', '1552014028'), ('2236', '7', '烧饼', '25', '1552014028'), ('2237', '8', '张云雷', '27', '1552014028'), ('2238', '9', '周星驰', '31', '1552014028'), ('2239', '10', '张柏芝', '1111', '1552014028'), ('2240', '11', '张柏芝', '1111', '1552014028'), ('2241', '12', '张柏芝', '1111', '1552014028'), ('2242', '13', '张柏芝', '1111', '1552014028'), ('2243', '14', '张柏芝', '1111', '1552014028'), ('2244', '15', '张柏芝', '1111', '1552014028'), ('2245', '16', '张柏芝', '1111', '1552014028'), ('2246', '17', '张柏芝', '1111', '1552014028'), ('2247', '18', '张柏芝', '1111', '1552014028'), ('2248', '19', '张柏芝', '1111', '1552014028'), ('2249', '20', '张柏芝', '1111', '1552014028'), ('2250', '21', '张柏芝', '1111', '1552014028'), ('2251', '22', '张柏芝', '1111', '1552014028'), ('2252', '23', '张柏芝', '1111', '1552014028'), ('2253', '24', '张柏芝', '1111', '1552014028'), ('2254', '25', '张柏芝', '1111', '1552014028'), ('2255', '26', '张柏芝', '1111', '1552014028'), ('2256', '27', '张柏芝', '1111', '1552014028'), ('2257', '28', '张柏芝', '1111', '1552014028'), ('2258', '29', '张柏芝', '1111', '1552014028'), ('2259', '30', '张柏芝', '1111', '1552014028'), ('2260', '31', '张柏芝', '1111', '1552014028'), ('2261', '33', '张柏芝', '1111', '1552014028'), ('2262', '34', '张柏芝', '1111', '1552014028'), ('2263', '35', '张柏芝', '1111', '1552014028'), ('2264', '36', '张柏芝', '1111', '1552014028'), ('2265', '37', '张柏芝', '1111', '1552014028'), ('2266', '38', '张柏芝', '1111', '1552014028'), ('2267', '39', '张柏芝', '1111', '1552014028'), ('2268', '40', '张柏芝', '1111', '1552014028'), ('2269', '41', '张柏芝', '1111', '1552014028'), ('2270', '42', '张柏芝', '1111', '1552014028'), ('2271', '43', '张柏芝', '1111', '1552014028'), ('2272', '44', '张柏芝', '1111', '1552014028'), ('2273', '45', '张柏芝', '1111', '1552014028'), ('2274', '46', '张柏芝', '1111', '1552014028'), ('2275', '47', '张柏芝', '1111', '1552014028'), ('2276', '48', '张柏芝', '1111', '1552014028'), ('2277', '49', '张柏芝', '1111', '1552014028'), ('2278', '50', '张柏芝', '1111', '1552014028'), ('2279', '51', '张柏芝', '1111', '1552014028'), ('2280', '52', '张柏芝', '1111', '1552014028'), ('2281', '53', '张柏芝', '1111', '1552014028'), ('2282', '54', '张柏芝', '1111', '1552014028'), ('2283', '55', '张柏芝', '1111', '1552014028'), ('2284', '56', '张柏芝', '1111', '1552014028'), ('2285', '57', '张柏芝', '1111', '1552014028'), ('2286', '58', '张柏芝', '1111', '1552014028'), ('2287', '222', '222.0000', '222', '1552014399'), ('2288', '0', '是挺气人的', '0', '1552014486'), ('2289', '0', '儿子叫什么名呢', '0', '1552014486');
COMMIT;

-- ----------------------------
--  Table structure for `excel_tab`
-- ----------------------------
DROP TABLE IF EXISTS `excel_tab`;
CREATE TABLE `excel_tab` (
  `id` int(10) NOT NULL AUTO_INCREMENT,
  `exportTime` int(11) DEFAULT NULL,
  `tabName` varchar(20) DEFAULT NULL,
  PRIMARY KEY (`id`)
) ENGINE=InnoDB AUTO_INCREMENT=28 DEFAULT CHARSET=utf8;

-- ----------------------------
--  Records of `excel_tab`
-- ----------------------------
BEGIN;
INSERT INTO `excel_tab` VALUES ('19', '1552010237', '工作簿1.xlsx'), ('20', '1552010246', '工作簿1的副本.xlsx'), ('21', '1552013872', '工作簿1.xlsx'), ('22', '1552013898', '工作簿1.xlsx'), ('23', '1552013934', '工作簿1的副本.xlsx'), ('24', '1552014020', '工作簿1的副本.xlsx'), ('25', '1552014028', '工作簿1.xlsx'), ('26', '1552014399', '工作簿1的副本.xlsx'), ('27', '1552014486', '你说气人不.xlsx');
COMMIT;

-- ----------------------------
--  Table structure for `menu`
-- ----------------------------
DROP TABLE IF EXISTS `menu`;
CREATE TABLE `menu` (
  `id` int(11) NOT NULL AUTO_INCREMENT,
  `name` varchar(128) NOT NULL,
  `parent` int(11) DEFAULT NULL,
  `route` varchar(255) DEFAULT NULL,
  `order` int(11) DEFAULT NULL,
  `data` text,
  PRIMARY KEY (`id`),
  KEY `parent` (`parent`),
  CONSTRAINT `menu_ibfk_1` FOREIGN KEY (`parent`) REFERENCES `menu` (`id`) ON DELETE SET NULL ON UPDATE CASCADE
) ENGINE=InnoDB AUTO_INCREMENT=23 DEFAULT CHARSET=utf8;

-- ----------------------------
--  Records of `menu`
-- ----------------------------
BEGIN;
INSERT INTO `menu` VALUES ('1', '订单管理', null, null, '1', '{\"icon\":\"fa fa-edit\",\"visible\":true}'), ('4', '权限控制', null, null, null, '{\"icon\":\"expeditedssl\"}'), ('5', '路由管理', '4', '/admin/route/index', '1', null), ('6', '权限组', '4', '/admin/permission/index', '2', null), ('7', '菜单管理', '4', '/admin/menu/index', '3', null), ('8', '角色管理', '4', '/admin/role/index', '4', null), ('11', '账号分配', '4', '/admin/assignment/index', '5', null), ('12', '测试页面', null, null, null, '{\"icon\":\"bug\"}'), ('13', '列表', '12', '/Index/index/desktop', '1', null), ('14', '规则管理', '4', '/admin/rule/index', '6', null), ('15', '详情1', '12', '/Index/index/detail', '1', '{\"icon\":\"cogs\"}'), ('16', '系统管理', null, null, '1', '{\"icon\":\"cogs\"}'), ('17', '标签管理', '16', '/System/tag/index', '1', '{\"icon\":\"tags\"}'), ('18', '审批流程设置', '16', '/System/approval/index', '1', null), ('19', '计价管理', null, null, '2', '{\"icon\":\"cubes\",\"visible\":true}'), ('20', '定金管理', '19', '/Price/earnest/index', '1', null), ('21', 'Excel管理', null, null, '1', '{\"icon\":\"cubes\",\"visible\":true}'), ('22', '查询重复项', '21', '/Excel/distinct/index', '1', '{\"icon\":\"cubes\",\"visible\":true}');
COMMIT;

-- ----------------------------
--  Table structure for `migration`
-- ----------------------------
DROP TABLE IF EXISTS `migration`;
CREATE TABLE `migration` (
  `version` varchar(180) NOT NULL,
  `apply_time` int(11) DEFAULT NULL,
  PRIMARY KEY (`version`)
) ENGINE=InnoDB DEFAULT CHARSET=utf8;

-- ----------------------------
--  Records of `migration`
-- ----------------------------
BEGIN;
INSERT INTO `migration` VALUES ('m000000_000000_base', '1545810068'), ('m130524_201442_init', '1545810072'), ('m140506_102106_rbac_init', '1545816708'), ('m140602_111327_create_menu_table', '1545815722'), ('m160312_050000_create_user', '1545815722'), ('m170907_052038_rbac_add_index_on_auth_assignment_user_id', '1545816708'), ('m190110_014227_tags', '1547087547'), ('m190114_082115_approval_process', '1547459718'), ('m190114_092138_approval_process_level', '1547459718'), ('m190114_094034_approval_type', '1547459742'), ('m190123_014958_earnest_price', '1548209209');
COMMIT;

-- ----------------------------
--  Table structure for `tags`
-- ----------------------------
DROP TABLE IF EXISTS `tags`;
CREATE TABLE `tags` (
  `id` int(11) NOT NULL AUTO_INCREMENT,
  `name` varchar(20) COLLATE utf8_unicode_ci NOT NULL,
  `color` varchar(10) COLLATE utf8_unicode_ci NOT NULL,
  `desc` varchar(255) COLLATE utf8_unicode_ci DEFAULT NULL,
  `objects` varchar(50) COLLATE utf8_unicode_ci NOT NULL,
  `status` int(11) NOT NULL DEFAULT '1',
  `creater` varchar(255) COLLATE utf8_unicode_ci NOT NULL,
  `created_at` int(11) NOT NULL,
  `updated_at` int(11) NOT NULL,
  PRIMARY KEY (`id`),
  UNIQUE KEY `name` (`name`),
  UNIQUE KEY `desc` (`desc`)
) ENGINE=InnoDB AUTO_INCREMENT=4 DEFAULT CHARSET=utf8 COLLATE=utf8_unicode_ci;

-- ----------------------------
--  Records of `tags`
-- ----------------------------
BEGIN;
INSERT INTO `tags` VALUES ('1', '武力统一中国3', '#274e13', '123', '1', '1', '', '0', '0'), ('2', '111', '#3d85c6', '222', '0,1,2', '1', '', '0', '0'), ('3', '222', '#ff0000', '1111', '2', '1', '', '0', '0');
COMMIT;

-- ----------------------------
--  Table structure for `tests`
-- ----------------------------
DROP TABLE IF EXISTS `tests`;
CREATE TABLE `tests` (
  `name` varchar(100) DEFAULT NULL,
  `id` int(10) NOT NULL AUTO_INCREMENT,
  PRIMARY KEY (`id`)
) ENGINE=InnoDB AUTO_INCREMENT=1001 DEFAULT CHARSET=utf8;

-- ----------------------------
--  Records of `tests`
-- ----------------------------
BEGIN;
INSERT INTO `tests` VALUES ('邢佳栋', '1'), ('李学庆', '2'), ('高昊', '3'), ('潘粤明', '4'), ('戴军', '5'), ('薛之谦', '6'), ('贾宏声', '7'), ('于波', '8'), ('李连杰', '9'), ('王斑', '10'), ('蓝雨', '11'), ('刘恩佑', '12'), ('任泉', '13'), ('李光洁', '14'), ('姜文', '15'), ('黑龙', '16'), ('张殿菲', '17'), ('邓超', '18'), ('张杰', '19'), ('杨坤', '20'), ('驱蚊器', '21'), ('是否', '22'), ('人格', '23'), ('0-1546056756', '24'), ('1-1546056756', '25'), ('2-1546056756', '26'), ('3-1546056756', '27'), ('4-1546056756', '28'), ('5-1546056756', '29'), ('6-1546056756', '30'), ('7-1546056756', '31'), ('8-1546056756', '32'), ('9-1546056756', '33'), ('10-1546056756', '34'), ('11-1546056756', '35'), ('12-1546056756', '36'), ('13-1546056756', '37'), ('14-1546056756', '38'), ('15-1546056756', '39'), ('16-1546056756', '40'), ('17-1546056756', '41'), ('18-1546056756', '42'), ('19-1546056756', '43'), ('20-1546056756', '44'), ('21-1546056756', '45'), ('22-1546056756', '46'), ('23-1546056756', '47'), ('24-1546056756', '48'), ('25-1546056756', '49'), ('26-1546056756', '50'), ('27-1546056756', '51'), ('28-1546056756', '52'), ('29-1546056756', '53'), ('30-1546056756', '54'), ('31-1546056756', '55'), ('32-1546056756', '56'), ('33-1546056756', '57'), ('34-1546056756', '58'), ('35-1546056756', '59'), ('36-1546056756', '60'), ('37-1546056756', '61'), ('38-1546056756', '62'), ('39-1546056756', '63'), ('40-1546056756', '64'), ('41-1546056756', '65'), ('42-1546056756', '66'), ('43-1546056756', '67'), ('44-1546056756', '68'), ('45-1546056756', '69'), ('46-1546056756', '70'), ('47-1546056756', '71'), ('48-1546056756', '72'), ('49-1546056756', '73'), ('50-1546056756', '74'), ('51-1546056756', '75'), ('52-1546056756', '76'), ('53-1546056756', '77'), ('54-1546056756', '78'), ('55-1546056756', '79'), ('56-1546056757', '80'), ('57-1546056757', '81'), ('58-1546056757', '82'), ('59-1546056757', '83'), ('60-1546056757', '84'), ('61-1546056757', '85'), ('62-1546056757', '86'), ('63-1546056757', '87'), ('64-1546056757', '88'), ('65-1546056757', '89'), ('66-1546056757', '90'), ('67-1546056757', '91'), ('68-1546056757', '92'), ('69-1546056757', '93'), ('70-1546056757', '94'), ('71-1546056757', '95'), ('72-1546056757', '96'), ('73-1546056757', '97'), ('74-1546056757', '98'), ('75-1546056757', '99'), ('76-1546056757', '100'), ('77-1546056757', '101'), ('78-1546056757', '102'), ('79-1546056757', '103'), ('80-1546056757', '104'), ('81-1546056757', '105'), ('82-1546056757', '106'), ('83-1546056757', '107'), ('84-1546056757', '108'), ('85-1546056757', '109'), ('86-1546056757', '110'), ('87-1546056757', '111'), ('88-1546056757', '112'), ('89-1546056757', '113'), ('90-1546056757', '114'), ('91-1546056757', '115'), ('92-1546056757', '116'), ('93-1546056757', '117'), ('94-1546056757', '118'), ('95-1546056757', '119'), ('96-1546056757', '120'), ('97-1546056757', '121'), ('98-1546056757', '122'), ('99-1546056757', '123'), ('100-1546056757', '124'), ('101-1546056757', '125'), ('102-1546056757', '126'), ('103-1546056757', '127'), ('104-1546056757', '128'), ('105-1546056757', '129'), ('106-1546056757', '130'), ('107-1546056757', '131'), ('108-1546056757', '132'), ('109-1546056757', '133'), ('110-1546056757', '134'), ('111-1546056757', '135'), ('112-1546056757', '136'), ('113-1546056757', '137'), ('114-1546056757', '138'), ('115-1546056757', '139'), ('116-1546056757', '140'), ('117-1546056757', '141'), ('118-1546056757', '142'), ('119-1546056757', '143'), ('120-1546056757', '144'), ('121-1546056757', '145'), ('122-1546056757', '146'), ('123-1546056757', '147'), ('124-1546056757', '148'), ('125-1546056757', '149'), ('126-1546056757', '150'), ('127-1546056757', '151'), ('128-1546056757', '152'), ('129-1546056757', '153'), ('130-1546056757', '154'), ('131-1546056757', '155'), ('132-1546056757', '156'), ('133-1546056757', '157'), ('134-1546056757', '158'), ('135-1546056757', '159'), ('136-1546056757', '160'), ('137-1546056757', '161'), ('138-1546056757', '162'), ('139-1546056757', '163'), ('140-1546056757', '164'), ('141-1546056757', '165'), ('142-1546056757', '166'), ('143-1546056757', '167'), ('144-1546056757', '168'), ('145-1546056757', '169'), ('146-1546056757', '170'), ('147-1546056757', '171'), ('148-1546056757', '172'), ('149-1546056757', '173'), ('150-1546056757', '174'), ('151-1546056757', '175'), ('152-1546056757', '176'), ('153-1546056757', '177'), ('154-1546056757', '178'), ('155-1546056757', '179'), ('156-1546056757', '180'), ('157-1546056757', '181'), ('158-1546056757', '182'), ('159-1546056757', '183'), ('160-1546056757', '184'), ('161-1546056757', '185'), ('162-1546056757', '186'), ('163-1546056757', '187'), ('164-1546056757', '188'), ('165-1546056757', '189'), ('166-1546056757', '190'), ('167-1546056757', '191'), ('168-1546056757', '192'), ('169-1546056757', '193'), ('170-1546056757', '194'), ('171-1546056757', '195'), ('172-1546056757', '196'), ('173-1546056757', '197'), ('174-1546056757', '198'), ('175-1546056757', '199'), ('176-1546056757', '200'), ('177-1546056757', '201'), ('178-1546056757', '202'), ('179-1546056757', '203'), ('180-1546056757', '204'), ('181-1546056757', '205'), ('182-1546056757', '206'), ('183-1546056757', '207'), ('184-1546056757', '208'), ('185-1546056757', '209'), ('186-1546056757', '210'), ('187-1546056757', '211'), ('188-1546056757', '212'), ('189-1546056757', '213'), ('190-1546056757', '214'), ('191-1546056757', '215'), ('192-1546056757', '216'), ('193-1546056757', '217'), ('194-1546056757', '218'), ('195-1546056757', '219'), ('196-1546056757', '220'), ('197-1546056757', '221'), ('198-1546056757', '222'), ('199-1546056757', '223'), ('200-1546056757', '224'), ('201-1546056757', '225'), ('202-1546056757', '226'), ('203-1546056757', '227'), ('204-1546056757', '228'), ('205-1546056757', '229'), ('206-1546056757', '230'), ('207-1546056757', '231'), ('208-1546056757', '232'), ('209-1546056757', '233'), ('210-1546056757', '234'), ('211-1546056757', '235'), ('212-1546056757', '236'), ('213-1546056757', '237'), ('214-1546056757', '238'), ('215-1546056757', '239'), ('216-1546056757', '240'), ('217-1546056757', '241'), ('218-1546056757', '242'), ('219-1546056757', '243'), ('220-1546056757', '244'), ('221-1546056757', '245'), ('222-1546056757', '246'), ('223-1546056757', '247'), ('224-1546056757', '248'), ('225-1546056757', '249'), ('226-1546056757', '250'), ('227-1546056757', '251'), ('228-1546056757', '252'), ('229-1546056757', '253'), ('230-1546056757', '254'), ('231-1546056757', '255'), ('232-1546056757', '256'), ('233-1546056757', '257'), ('234-1546056757', '258'), ('235-1546056757', '259'), ('236-1546056757', '260'), ('237-1546056757', '261'), ('238-1546056757', '262'), ('239-1546056757', '263'), ('240-1546056757', '264'), ('241-1546056757', '265'), ('242-1546056757', '266'), ('243-1546056757', '267'), ('244-1546056757', '268'), ('245-1546056757', '269'), ('246-1546056757', '270'), ('247-1546056757', '271'), ('248-1546056757', '272'), ('249-1546056757', '273'), ('250-1546056757', '274'), ('251-1546056757', '275'), ('252-1546056757', '276'), ('253-1546056757', '277'), ('254-1546056757', '278'), ('255-1546056757', '279'), ('256-1546056757', '280'), ('257-1546056757', '281'), ('258-1546056757', '282'), ('259-1546056757', '283'), ('260-1546056757', '284'), ('261-1546056757', '285'), ('262-1546056757', '286'), ('263-1546056757', '287'), ('264-1546056757', '288'), ('265-1546056757', '289'), ('266-1546056757', '290'), ('267-1546056757', '291'), ('268-1546056757', '292'), ('269-1546056757', '293'), ('270-1546056757', '294'), ('271-1546056757', '295'), ('272-1546056757', '296'), ('273-1546056757', '297'), ('274-1546056757', '298'), ('275-1546056757', '299'), ('276-1546056757', '300'), ('277-1546056757', '301'), ('278-1546056757', '302'), ('279-1546056757', '303'), ('280-1546056757', '304'), ('281-1546056757', '305'), ('282-1546056757', '306'), ('283-1546056757', '307'), ('284-1546056757', '308'), ('285-1546056757', '309'), ('286-1546056757', '310'), ('287-1546056757', '311'), ('288-1546056757', '312'), ('289-1546056757', '313'), ('290-1546056757', '314'), ('291-1546056757', '315'), ('292-1546056757', '316'), ('293-1546056757', '317'), ('294-1546056757', '318'), ('295-1546056757', '319'), ('296-1546056757', '320'), ('297-1546056757', '321'), ('298-1546056757', '322'), ('299-1546056757', '323'), ('300-1546056757', '324'), ('301-1546056757', '325'), ('302-1546056757', '326'), ('303-1546056757', '327'), ('304-1546056757', '328'), ('305-1546056757', '329'), ('306-1546056757', '330'), ('307-1546056757', '331'), ('308-1546056757', '332'), ('309-1546056757', '333'), ('310-1546056757', '334'), ('311-1546056757', '335'), ('312-1546056757', '336'), ('313-1546056757', '337'), ('314-1546056757', '338'), ('315-1546056757', '339'), ('316-1546056757', '340'), ('317-1546056757', '341'), ('318-1546056757', '342'), ('319-1546056757', '343'), ('320-1546056757', '344'), ('321-1546056757', '345'), ('322-1546056757', '346'), ('323-1546056757', '347'), ('324-1546056757', '348'), ('325-1546056757', '349'), ('326-1546056757', '350'), ('327-1546056757', '351'), ('328-1546056757', '352'), ('329-1546056757', '353'), ('330-1546056757', '354'), ('331-1546056757', '355'), ('332-1546056757', '356'), ('333-1546056757', '357'), ('334-1546056757', '358'), ('335-1546056757', '359'), ('336-1546056757', '360'), ('337-1546056757', '361'), ('338-1546056757', '362'), ('339-1546056757', '363'), ('340-1546056757', '364'), ('341-1546056757', '365'), ('342-1546056757', '366'), ('343-1546056757', '367'), ('344-1546056757', '368'), ('345-1546056757', '369'), ('346-1546056757', '370'), ('347-1546056757', '371'), ('348-1546056757', '372'), ('349-1546056757', '373'), ('350-1546056757', '374'), ('351-1546056757', '375'), ('352-1546056757', '376'), ('353-1546056757', '377'), ('354-1546056757', '378'), ('355-1546056757', '379'), ('356-1546056757', '380'), ('357-1546056757', '381'), ('358-1546056757', '382'), ('359-1546056757', '383'), ('360-1546056757', '384'), ('361-1546056757', '385'), ('362-1546056757', '386'), ('363-1546056757', '387'), ('364-1546056757', '388'), ('365-1546056757', '389'), ('366-1546056757', '390'), ('367-1546056757', '391'), ('368-1546056757', '392'), ('369-1546056757', '393'), ('370-1546056757', '394'), ('371-1546056757', '395'), ('372-1546056757', '396'), ('373-1546056757', '397'), ('374-1546056757', '398'), ('375-1546056757', '399'), ('376-1546056757', '400'), ('377-1546056757', '401'), ('378-1546056757', '402'), ('379-1546056757', '403'), ('380-1546056757', '404'), ('381-1546056757', '405'), ('382-1546056757', '406'), ('383-1546056757', '407'), ('384-1546056757', '408'), ('385-1546056757', '409'), ('386-1546056757', '410'), ('387-1546056757', '411'), ('388-1546056757', '412'), ('389-1546056757', '413'), ('390-1546056757', '414'), ('391-1546056757', '415'), ('392-1546056757', '416'), ('393-1546056757', '417'), ('394-1546056757', '418'), ('395-1546056757', '419'), ('396-1546056757', '420'), ('397-1546056757', '421'), ('398-1546056757', '422'), ('399-1546056757', '423'), ('400-1546056757', '424'), ('401-1546056757', '425'), ('402-1546056757', '426'), ('403-1546056757', '427'), ('404-1546056757', '428'), ('405-1546056757', '429'), ('406-1546056757', '430'), ('407-1546056757', '431'), ('408-1546056757', '432'), ('409-1546056757', '433'), ('410-1546056757', '434'), ('411-1546056757', '435'), ('412-1546056757', '436'), ('413-1546056757', '437'), ('414-1546056757', '438'), ('415-1546056757', '439'), ('416-1546056757', '440'), ('417-1546056757', '441'), ('418-1546056757', '442'), ('419-1546056757', '443'), ('420-1546056757', '444'), ('421-1546056757', '445'), ('422-1546056757', '446'), ('423-1546056757', '447'), ('424-1546056757', '448'), ('425-1546056757', '449'), ('426-1546056757', '450'), ('427-1546056757', '451'), ('428-1546056757', '452'), ('429-1546056757', '453'), ('430-1546056757', '454'), ('431-1546056757', '455'), ('432-1546056757', '456'), ('433-1546056757', '457'), ('434-1546056757', '458'), ('435-1546056757', '459'), ('436-1546056757', '460'), ('437-1546056757', '461'), ('438-1546056757', '462'), ('439-1546056757', '463'), ('440-1546056757', '464'), ('441-1546056757', '465'), ('442-1546056757', '466'), ('443-1546056757', '467'), ('444-1546056757', '468'), ('445-1546056757', '469'), ('446-1546056757', '470'), ('447-1546056757', '471'), ('448-1546056757', '472'), ('449-1546056757', '473'), ('450-1546056757', '474'), ('451-1546056757', '475'), ('452-1546056757', '476'), ('453-1546056757', '477'), ('454-1546056757', '478'), ('455-1546056757', '479'), ('456-1546056757', '480'), ('457-1546056757', '481'), ('458-1546056757', '482'), ('459-1546056757', '483'), ('460-1546056757', '484'), ('461-1546056757', '485'), ('462-1546056757', '486'), ('463-1546056757', '487'), ('464-1546056757', '488'), ('465-1546056757', '489'), ('466-1546056757', '490'), ('467-1546056757', '491'), ('468-1546056757', '492'), ('469-1546056757', '493'), ('470-1546056757', '494'), ('471-1546056757', '495'), ('472-1546056757', '496'), ('473-1546056757', '497'), ('474-1546056757', '498'), ('475-1546056757', '499'), ('476-1546056757', '500'), ('477-1546056757', '501'), ('478-1546056757', '502'), ('479-1546056757', '503'), ('480-1546056757', '504'), ('481-1546056757', '505'), ('482-1546056757', '506'), ('483-1546056757', '507'), ('484-1546056757', '508'), ('485-1546056757', '509'), ('486-1546056757', '510'), ('487-1546056757', '511'), ('488-1546056757', '512'), ('489-1546056757', '513'), ('490-1546056757', '514'), ('491-1546056757', '515'), ('492-1546056757', '516'), ('493-1546056757', '517'), ('494-1546056757', '518'), ('495-1546056757', '519'), ('496-1546056757', '520'), ('497-1546056757', '521'), ('498-1546056757', '522'), ('499-1546056757', '523'), ('500-1546056757', '524'), ('501-1546056757', '525'), ('502-1546056757', '526'), ('503-1546056757', '527'), ('504-1546056757', '528'), ('505-1546056757', '529'), ('506-1546056757', '530'), ('507-1546056757', '531'), ('508-1546056757', '532'), ('509-1546056757', '533'), ('510-1546056757', '534'), ('511-1546056757', '535'), ('512-1546056757', '536'), ('513-1546056757', '537'), ('514-1546056757', '538'), ('515-1546056757', '539'), ('516-1546056757', '540'), ('517-1546056757', '541'), ('518-1546056757', '542'), ('519-1546056757', '543'), ('520-1546056757', '544'), ('521-1546056757', '545'), ('522-1546056757', '546'), ('523-1546056757', '547'), ('524-1546056757', '548'), ('525-1546056757', '549'), ('526-1546056757', '550'), ('527-1546056757', '551'), ('528-1546056757', '552'), ('529-1546056757', '553'), ('530-1546056757', '554'), ('531-1546056757', '555'), ('532-1546056757', '556'), ('533-1546056757', '557'), ('534-1546056757', '558'), ('535-1546056757', '559'), ('536-1546056757', '560'), ('537-1546056757', '561'), ('538-1546056757', '562'), ('539-1546056757', '563'), ('540-1546056757', '564'), ('541-1546056757', '565'), ('542-1546056757', '566'), ('543-1546056757', '567'), ('544-1546056757', '568'), ('545-1546056757', '569'), ('546-1546056757', '570'), ('547-1546056757', '571'), ('548-1546056757', '572'), ('549-1546056757', '573'), ('550-1546056757', '574'), ('551-1546056757', '575'), ('552-1546056757', '576'), ('553-1546056757', '577'), ('554-1546056757', '578'), ('555-1546056757', '579'), ('556-1546056757', '580'), ('557-1546056757', '581'), ('558-1546056757', '582'), ('559-1546056757', '583'), ('560-1546056757', '584'), ('561-1546056757', '585'), ('562-1546056757', '586'), ('563-1546056757', '587'), ('564-1546056757', '588'), ('565-1546056757', '589'), ('566-1546056757', '590'), ('567-1546056757', '591'), ('568-1546056757', '592'), ('569-1546056757', '593'), ('570-1546056757', '594'), ('571-1546056757', '595'), ('572-1546056757', '596'), ('573-1546056757', '597'), ('574-1546056757', '598'), ('575-1546056757', '599'), ('576-1546056757', '600'), ('577-1546056757', '601'), ('578-1546056757', '602'), ('579-1546056757', '603'), ('580-1546056757', '604'), ('581-1546056757', '605'), ('582-1546056757', '606'), ('583-1546056757', '607'), ('584-1546056757', '608'), ('585-1546056757', '609'), ('586-1546056757', '610'), ('587-1546056757', '611'), ('588-1546056757', '612'), ('589-1546056757', '613'), ('590-1546056757', '614'), ('591-1546056757', '615'), ('592-1546056757', '616'), ('593-1546056757', '617'), ('594-1546056757', '618'), ('595-1546056757', '619'), ('596-1546056757', '620'), ('597-1546056757', '621'), ('598-1546056757', '622'), ('599-1546056757', '623'), ('600-1546056757', '624'), ('601-1546056757', '625'), ('602-1546056757', '626'), ('603-1546056757', '627'), ('604-1546056757', '628'), ('605-1546056757', '629'), ('606-1546056757', '630'), ('607-1546056757', '631'), ('608-1546056757', '632'), ('609-1546056757', '633'), ('610-1546056757', '634'), ('611-1546056757', '635'), ('612-1546056757', '636'), ('613-1546056757', '637'), ('614-1546056757', '638'), ('615-1546056757', '639'), ('616-1546056757', '640'), ('617-1546056757', '641'), ('618-1546056757', '642'), ('619-1546056757', '643'), ('620-1546056757', '644'), ('621-1546056757', '645'), ('622-1546056757', '646'), ('623-1546056757', '647'), ('624-1546056757', '648'), ('625-1546056757', '649'), ('626-1546056757', '650'), ('627-1546056757', '651'), ('628-1546056757', '652'), ('629-1546056757', '653'), ('630-1546056757', '654'), ('631-1546056757', '655'), ('632-1546056757', '656'), ('633-1546056757', '657'), ('634-1546056757', '658'), ('635-1546056757', '659'), ('636-1546056757', '660'), ('637-1546056757', '661'), ('638-1546056757', '662'), ('639-1546056757', '663'), ('640-1546056757', '664'), ('641-1546056757', '665'), ('642-1546056757', '666'), ('643-1546056757', '667'), ('644-1546056757', '668'), ('645-1546056757', '669'), ('646-1546056757', '670'), ('647-1546056757', '671'), ('648-1546056757', '672'), ('649-1546056757', '673'), ('650-1546056757', '674'), ('651-1546056757', '675'), ('652-1546056757', '676'), ('653-1546056757', '677'), ('654-1546056757', '678'), ('655-1546056757', '679'), ('656-1546056757', '680'), ('657-1546056757', '681'), ('658-1546056757', '682'), ('659-1546056757', '683'), ('660-1546056757', '684'), ('661-1546056757', '685'), ('662-1546056757', '686'), ('663-1546056757', '687'), ('664-1546056757', '688'), ('665-1546056757', '689'), ('666-1546056757', '690'), ('667-1546056757', '691'), ('668-1546056757', '692'), ('669-1546056757', '693'), ('670-1546056757', '694'), ('671-1546056757', '695'), ('672-1546056757', '696'), ('673-1546056757', '697'), ('674-1546056757', '698'), ('675-1546056757', '699'), ('676-1546056757', '700'), ('677-1546056757', '701'), ('678-1546056757', '702'), ('679-1546056757', '703'), ('680-1546056757', '704'), ('681-1546056757', '705'), ('682-1546056757', '706'), ('683-1546056757', '707'), ('684-1546056757', '708'), ('685-1546056757', '709'), ('686-1546056757', '710'), ('687-1546056757', '711'), ('688-1546056757', '712'), ('689-1546056757', '713'), ('690-1546056757', '714'), ('691-1546056757', '715'), ('692-1546056757', '716'), ('693-1546056757', '717'), ('694-1546056757', '718'), ('695-1546056757', '719'), ('696-1546056757', '720'), ('697-1546056757', '721'), ('698-1546056757', '722'), ('699-1546056757', '723'), ('700-1546056757', '724'), ('701-1546056757', '725'), ('702-1546056757', '726'), ('703-1546056757', '727'), ('704-1546056757', '728'), ('705-1546056757', '729'), ('706-1546056757', '730'), ('707-1546056757', '731'), ('708-1546056757', '732'), ('709-1546056757', '733'), ('710-1546056757', '734'), ('711-1546056757', '735'), ('712-1546056757', '736'), ('713-1546056757', '737'), ('714-1546056757', '738'), ('715-1546056757', '739'), ('716-1546056757', '740'), ('717-1546056757', '741'), ('718-1546056757', '742'), ('719-1546056757', '743'), ('720-1546056757', '744'), ('721-1546056757', '745'), ('722-1546056757', '746'), ('723-1546056757', '747'), ('724-1546056757', '748'), ('725-1546056757', '749'), ('726-1546056757', '750'), ('727-1546056757', '751'), ('728-1546056757', '752'), ('729-1546056757', '753'), ('730-1546056757', '754'), ('731-1546056757', '755'), ('732-1546056757', '756'), ('733-1546056757', '757'), ('734-1546056757', '758'), ('735-1546056757', '759'), ('736-1546056757', '760'), ('737-1546056757', '761'), ('738-1546056757', '762'), ('739-1546056757', '763'), ('740-1546056757', '764'), ('741-1546056757', '765'), ('742-1546056757', '766'), ('743-1546056757', '767'), ('744-1546056757', '768'), ('745-1546056757', '769'), ('746-1546056757', '770'), ('747-1546056757', '771'), ('748-1546056757', '772'), ('749-1546056757', '773'), ('750-1546056757', '774'), ('751-1546056757', '775'), ('752-1546056757', '776'), ('753-1546056757', '777'), ('754-1546056757', '778'), ('755-1546056757', '779'), ('756-1546056757', '780'), ('757-1546056757', '781'), ('758-1546056757', '782'), ('759-1546056757', '783'), ('760-1546056757', '784'), ('761-1546056757', '785'), ('762-1546056757', '786'), ('763-1546056757', '787'), ('764-1546056757', '788'), ('765-1546056757', '789'), ('766-1546056757', '790'), ('767-1546056757', '791'), ('768-1546056757', '792'), ('769-1546056757', '793'), ('770-1546056757', '794'), ('771-1546056757', '795'), ('772-1546056757', '796'), ('773-1546056757', '797'), ('774-1546056757', '798'), ('775-1546056757', '799'), ('776-1546056757', '800'), ('777-1546056757', '801'), ('778-1546056757', '802'), ('779-1546056757', '803'), ('780-1546056757', '804'), ('781-1546056757', '805'), ('782-1546056757', '806'), ('783-1546056757', '807'), ('784-1546056757', '808'), ('785-1546056757', '809'), ('786-1546056757', '810'), ('787-1546056757', '811'), ('788-1546056757', '812'), ('789-1546056757', '813'), ('790-1546056757', '814'), ('791-1546056757', '815'), ('792-1546056757', '816'), ('793-1546056757', '817'), ('794-1546056757', '818'), ('795-1546056757', '819'), ('796-1546056757', '820'), ('797-1546056757', '821'), ('798-1546056757', '822'), ('799-1546056757', '823'), ('800-1546056757', '824'), ('801-1546056757', '825'), ('802-1546056757', '826'), ('803-1546056757', '827'), ('804-1546056757', '828'), ('805-1546056757', '829'), ('806-1546056757', '830'), ('807-1546056757', '831'), ('808-1546056757', '832'), ('809-1546056757', '833'), ('810-1546056757', '834'), ('811-1546056757', '835'), ('812-1546056757', '836'), ('813-1546056757', '837'), ('814-1546056757', '838'), ('815-1546056757', '839'), ('816-1546056757', '840'), ('817-1546056757', '841'), ('818-1546056757', '842'), ('819-1546056757', '843'), ('820-1546056757', '844'), ('821-1546056757', '845'), ('822-1546056757', '846'), ('823-1546056757', '847'), ('824-1546056757', '848'), ('825-1546056757', '849'), ('826-1546056757', '850'), ('827-1546056757', '851'), ('828-1546056757', '852'), ('829-1546056757', '853'), ('830-1546056757', '854'), ('831-1546056757', '855'), ('832-1546056757', '856'), ('833-1546056757', '857'), ('834-1546056757', '858'), ('835-1546056757', '859'), ('836-1546056757', '860'), ('837-1546056757', '861'), ('838-1546056757', '862'), ('839-1546056757', '863'), ('840-1546056757', '864'), ('841-1546056757', '865'), ('842-1546056757', '866'), ('843-1546056757', '867'), ('844-1546056757', '868'), ('845-1546056757', '869'), ('846-1546056757', '870'), ('847-1546056757', '871'), ('848-1546056757', '872'), ('849-1546056757', '873'), ('850-1546056757', '874'), ('851-1546056757', '875'), ('852-1546056757', '876'), ('853-1546056757', '877'), ('854-1546056757', '878'), ('855-1546056757', '879'), ('856-1546056757', '880'), ('857-1546056757', '881'), ('858-1546056757', '882'), ('859-1546056757', '883'), ('860-1546056757', '884'), ('861-1546056757', '885'), ('862-1546056757', '886'), ('863-1546056757', '887'), ('864-1546056757', '888'), ('865-1546056757', '889'), ('866-1546056757', '890'), ('867-1546056757', '891'), ('868-1546056757', '892'), ('869-1546056757', '893'), ('870-1546056757', '894'), ('871-1546056757', '895'), ('872-1546056757', '896'), ('873-1546056757', '897'), ('874-1546056757', '898'), ('875-1546056757', '899'), ('876-1546056757', '900'), ('877-1546056757', '901'), ('878-1546056757', '902'), ('879-1546056757', '903'), ('880-1546056757', '904'), ('881-1546056757', '905'), ('882-1546056757', '906'), ('883-1546056757', '907'), ('884-1546056757', '908'), ('885-1546056757', '909'), ('886-1546056757', '910'), ('887-1546056757', '911'), ('888-1546056757', '912'), ('889-1546056757', '913'), ('890-1546056757', '914'), ('891-1546056757', '915'), ('892-1546056757', '916'), ('893-1546056757', '917'), ('894-1546056757', '918'), ('895-1546056757', '919'), ('896-1546056757', '920'), ('897-1546056757', '921'), ('898-1546056757', '922'), ('899-1546056757', '923'), ('900-1546056757', '924'), ('901-1546056757', '925'), ('902-1546056757', '926'), ('903-1546056757', '927'), ('904-1546056757', '928'), ('905-1546056757', '929'), ('906-1546056757', '930'), ('907-1546056757', '931'), ('908-1546056757', '932'), ('909-1546056757', '933'), ('910-1546056757', '934'), ('911-1546056757', '935'), ('912-1546056757', '936'), ('913-1546056757', '937'), ('914-1546056757', '938'), ('915-1546056757', '939'), ('916-1546056757', '940'), ('917-1546056757', '941'), ('918-1546056757', '942'), ('919-1546056757', '943'), ('920-1546056757', '944'), ('921-1546056757', '945'), ('922-1546056757', '946'), ('923-1546056757', '947'), ('924-1546056757', '948'), ('925-1546056757', '949'), ('926-1546056757', '950'), ('927-1546056757', '951'), ('928-1546056757', '952'), ('929-1546056757', '953'), ('930-1546056757', '954'), ('931-1546056757', '955'), ('932-1546056757', '956'), ('933-1546056757', '957'), ('934-1546056757', '958'), ('935-1546056757', '959'), ('936-1546056757', '960'), ('937-1546056757', '961'), ('938-1546056757', '962'), ('939-1546056757', '963'), ('940-1546056757', '964'), ('941-1546056757', '965'), ('942-1546056757', '966'), ('943-1546056757', '967'), ('944-1546056757', '968'), ('945-1546056757', '969'), ('946-1546056757', '970'), ('947-1546056757', '971'), ('948-1546056757', '972'), ('949-1546056757', '973'), ('950-1546056757', '974'), ('951-1546056757', '975'), ('952-1546056757', '976'), ('953-1546056757', '977'), ('954-1546056757', '978'), ('955-1546056757', '979'), ('956-1546056757', '980'), ('957-1546056757', '981'), ('958-1546056757', '982'), ('959-1546056757', '983'), ('960-1546056757', '984'), ('961-1546056757', '985'), ('962-1546056757', '986'), ('963-1546056757', '987'), ('964-1546056757', '988'), ('965-1546056757', '989'), ('966-1546056757', '990'), ('967-1546056757', '991'), ('968-1546056757', '992'), ('969-1546056757', '993'), ('970-1546056757', '994'), ('971-1546056757', '995'), ('972-1546056757', '996'), ('973-1546056757', '997'), ('974-1546056757', '998'), ('975-1546056757', '999'), ('1111', '1000');
COMMIT;

-- ----------------------------
--  Table structure for `user`
-- ----------------------------
DROP TABLE IF EXISTS `user`;
CREATE TABLE `user` (
  `id` int(11) NOT NULL AUTO_INCREMENT COMMENT '自增ID',
  `username` varchar(255) NOT NULL COMMENT '用户名',
  `auth_key` varchar(32) NOT NULL COMMENT '自动登录key',
  `password_hash` varchar(255) NOT NULL COMMENT '加密密码',
  `password_reset_token` varchar(255) DEFAULT NULL COMMENT '重置密码token',
  `email` varchar(255) NOT NULL COMMENT '邮箱',
  `role` smallint(6) NOT NULL DEFAULT '10' COMMENT '角色等级',
  `status` smallint(6) NOT NULL DEFAULT '10' COMMENT '状态',
  `created_at` int(11) NOT NULL COMMENT '创建时间',
  `updated_at` int(11) NOT NULL COMMENT '更新时间',
  `access_token` varchar(80) DEFAULT NULL,
  PRIMARY KEY (`id`)
) ENGINE=InnoDB AUTO_INCREMENT=3 DEFAULT CHARSET=utf8 COMMENT='用户表';

-- ----------------------------
--  Records of `user`
-- ----------------------------
BEGIN;
INSERT INTO `user` VALUES ('1', '13189221217', 'GW0zILnhsgmLjWMiuku9AbOpSnDIelmm', '$2y$13$tjQBvmESXEjd8S3FfvwAV.Mn5S62aV53ZYMxvvFlxQnCWKAPXyVCy', null, 'taobao1875@163.com', '10', '10', '1545895681', '1545895681', '02818451399b5cde5f3c05bd00e72aab'), ('2', '111111', '2DfRzYe7pYa7S2YgEb8VgwQPsFZbwf0L', '$2y$13$Rdz0h76AK2hMuq1HeAoK..VoSGxaLOAEVZK1yQKu9O922NinyIrrC', null, 'taobao1876@163.com', '10', '10', '1545900891', '1545900891', null);
COMMIT;

SET FOREIGN_KEY_CHECKS = 1;
